Proc. Licitatório;Proc. Administrativo;Modalidade;Exercício;N° Mod.;Situação;Data Abert. Propost.;Valor Previsto;Valor Total Licitação;Objeto;Data do Edital;Data Encerramento;Carona;Reg. Preço;Artigo/Inciso;Economia Absoluta;Economia Percentual
000088/20;88.0;DISPENSA;20;34;Homologada  ;23/12/2020;13500.0;13060.0;Contratação de empresa especializada na aquisição e instalação de persianas e forro de PVC, para atender as necessidades do Casa Lar, vinculado ao Ser;04/11/2020;23/12/2020;;N;Art. 24, II, Lei 8666/93;440.0;0.03259259259259259
000087/20;87.0;DISPENSA;20;33;Homologada  ;18/12/2020;12591.0;12261.0;Aquisição de eletrodomésticos para distribuição aos contribuintes, através de sorteio a ser realizado pela Prefeitura Municipal de Riolândia, atendend;23/11/2020;18/12/2020;;N;Art. 24, II, Lei 8666/93;330.0;0.026209197045508698
000086/20;86.0;DISPENSA;20;32;Homologada  ;18/12/2020;11826.67;10990.0;Aquisição de 01 (uma) moto 0 KM, para distribuição aos contribuintes, através de sorteio a ser realizado pela Prefeitura Municipal de Riolândia, atend;23/11/2020;18/12/2020;;N;Art. 24, II, Lei 8666/93;836.6700000000001;0.07074434308220319
000085/20;85.0;DISPENSA;20;31;Homologada  ;11/12/2020;12766.67;12500.0;Contratação de empresa especializada na aquisição de portas de giro, para atender as necessidades do Centro Comunitário, vinculado ao Serviço de Convi;02/11/2020;11/12/2020;;N;Art. 24, II, Lei 8666/93;266.6700000000001;0.020887984102354026
000084/20;84.0;DISPENSA;20;30;Homologada  ;03/12/2020;3433.33;3300.0;Contratação de empresa especializada na aquisição de painéis para divisórias, para atender as necessidades do Centro Comunitário, vinculado ao Serviço;02/11/2020;03/12/2020;;N;Art. 24, II, Lei 8666/93;133.32999999999993;0.03883401828545462
000083/20;83.0;DISPENSA;20;29;Homologada  ;01/12/2020;3966.48;3924.0;Contratação de empresa especializada em serviços e aquisição de produtos de vidraçaria, para atender a demanda da Prefeitura Municipal de Riolândia, c;05/11/2020;01/12/2020;;N;Art. 24, II, Lei 8666/93;42.48000000000002;0.010709747685605378
000082/20;82.0;PREGÃO PRESENCIAL;20;39;Homologada  ;07/12/2020;2994725.25;2483936.5;O Registro de preço para à aquisição de gêneros alimentícios perecíveis para atendimento às necessidades do serviço de merenda escolar da Rede Municip;23/11/2020;07/12/2020;;S;;510788.75;0.1705628087251076
000081/20;81.0;PREGÃO PRESENCIAL;20;38;Homologada  ;03/12/2020;188304.69;123960.0;Registro de Preços para contratação de empresa especializada em serviços de solda e torno preventiva e corretiva em veículos, maquinários e mobiliário;18/11/2020;03/12/2020;;S;;64344.69;0.3417051906673169
000080/20;80.0;DISPENSA;20;2;Homologada  ;17/12/2020;437651.61;437530.9;AQUISIÇÃO DE GÊNEROS ALIMENTÍCIOS DIRETAMENTE DA AGRICULTURA FAMILIAR E DO EMPREENDEDOR FAMILIAR RURAL DESTINADO A MERENDA ESCOLAR, CONFORME §1º DO AR;11/11/2020;17/12/2020;;N;Chamada Publica - Lei Federal 11.947/2009;120.70999999996275;0.00027581299198228186
000079/20;79.0;DISPENSA;20;28;Homologada  ;23/10/2020;14360.78;13674.0;Contratação de empresa especializada em serviços e aquisição de produtos de vidraçaria, para atender a demanda da Prefeitura Municipal de Riolândia, c;23/09/2020;23/10/2020;;N;Art. 24, II, Lei 8666/93;686.7800000000007;0.04782330764763478
000078/20;78.0;DISPENSA;20;27;Homologada  ;16/10/2020;17500.0;17290.0;Contratação de empresa especializada na prestação de serviços de podas em árvores, para atender a demanda do município de Riolândia, com prestação par;24/08/2020;16/10/2020;;N;Art. 24, II, Lei 8666/93;210.0;0.012
000077/20;77.0;PREGÃO PRESENCIAL;20;37;Homologada  ;28/10/2020;472783.32;472869.5;Aquisição de Açúcar cristal, Arroz e Óleo de soja para atendimento às necessidades do serviço de merenda escolar da Rede Municipal de Ensino do Municí;15/10/2020;28/10/2020;;S;;-86.17999999999302;-0.00018228223449167583
000076/20;76.0;PREGÃO PRESENCIAL;20;36;Homologada  ;27/10/2020;41308.0;19976.0;A presente contratação tem por objeto a aquisição de Kits para Curso de gestantes na área da Saúde do município de Riolândia-SP, pelo período de 12 (d;09/10/2020;27/10/2020;;N;;21332.0;0.5164132855621187
000075/20;75.0;DISPENSA;20;26;Homologada  ;30/09/2020;16216.67;15850.0;A aquisição de aparelhos de ar condicionados novos, para suprir as necessidades do setor de Assistência Social da do município de Riolândia, conforme ;19/08/2020;30/09/2020;;N;Art. 24, II, Lei 8666/93;366.6700000000001;0.02261068394436096
000074/20;74.0;PREGÃO PRESENCIAL;20;35;Homologada  ;09/10/2020;151940.33;147000.0;Aquisição de equipamento de ultrassom digital, visando suprir as necessidades do município de Riolândia;28/09/2020;09/10/2020;;S;;4940.329999999987;0.03251493530387875
000073/20;73.0;PREGÃO PRESENCIAL;20;34;Homologada  ;30/09/2020;100768.0;88000.0;Aquisição de 01 (um) veículo 0 km, tipo ambulância, cor branca, ano/modelo mínimo de fabricação 2020, destinado ao uso do Setor da Saúde do município ;17/09/2020;30/09/2020;;N;;12768.0;0.12670689107653224
000071/20;71.0;PREGÃO PRESENCIAL;20;33;Homologada  ;09/09/2020;211183.33;201600.0;Aquisição de 02 (dois) veículos 0 km, destinados ao uso do Setor da Assistência Social do município de Riolândia, conforme especificações do Anexo I –;26/08/2020;09/09/2020;;N;;9583.329999999987;0.04537919730690859
000070/20;70.0;PREGÃO PRESENCIAL;20;32;Homologada  ;08/09/2020;506812.99;480117.74;O Registro de Preços para a aquisição de equipamentos e materiais de informática, destinados a diversos setores da Prefeitura Municipal de Riolândia, ;25/08/2020;08/09/2020;;S;;26695.25;0.052672781729607994
000069/20;69.0;DISPENSA;20;25;Homologada  ;18/08/2020;17586.67;17520.0;Contratação de empresa especializada na prestação de serviços de aplicação de sanitizante em prédios públicos e veículos da frota da Prefeitura Munici;04/08/2020;18/08/2020;;N;Art. 24, II, Lei 8666/93;66.66999999999825;0.003790939387615635
000068/20;68.0;PREGÃO PRESENCIAL;20;31;Homologada  ;10/09/2020;147999.96;60000.0;O Registro de Preço para a aquisição de massa asfáltica fria (CBUQ fria), para uso do Departamento de Obras e Serviços Municipais da Prefeitura Munici;17/08/2020;10/09/2020;;S;;87999.95999999999;0.5945944850255365
000067/20;67.0;DISPENSA;20;24;Homologada  ;13/08/2020;17497.32;17400.0;contratação de empresa especializada em fornecimento de plataforma de videomonitoramento externo, para monitoramento do fluxo de entrada e saída de ve;17/07/2020;13/08/2020;;N;Art. 24, II, Lei 8666/93;97.31999999999971;0.005561994636892948
000066/20;66.0;PREGÃO PRESENCIAL;20;30;Homologada  ;24/08/2020;189000.0;185500.0;O registro de preços para a aquisição de equipamentos para laboratório, visando suprir as necessidades do município de Riolândia, conforme quantidades;13/08/2020;24/08/2020;;S;;3500.0;0.018518518518518517
000065/20;65.0;DISPENSA;20;23;Homologada  ;07/08/2020;17200.0;17000.0;Contratação de empresa especializada na prestação de serviços de assessoria, treinamento e capacitação para fiscalização e cobrança da licença de uso ;17/07/2020;07/08/2020;;N;Art. 24, II, Lei 8666/93;200.0;0.011627906976744186
000064/20;64.0;PREGÃO PRESENCIAL;20;29;Homologada  ;20/08/2020;776592.81;555115.3;Registro de Preços para a aquisição de gêneros alimentícios não perecíveis para atendimento às necessidades do serviço de merenda escolar da Rede Muni;07/08/2020;20/08/2020;;S;;221477.51;0.2851912960667251
000063/20;63.0;DISPENSA;20;22;Homologada  ;03/08/2020;2556.0;1080.0;Contratação de empresa especializada em serviços de suporte técnico e manutenção preventiva dos relógios de ponto da Prefeitura Municipal de Riolândia;02/07/2020;03/08/2020;;N;Art. 24, II, Lei 8666/93;1476.0;0.5774647887323944
000062/20;62.0;DISPENSA;20;21;Homologada  ;31/07/2020;13120.0;11400.0;Contratação de empresa especializada na prestação de serviços de fornecimento, implantação, customização, operação e manutenção de funcionamento pleno;26/05/2020;31/07/2020;;N;Art. 24, II, Lei 8666/93;1720.0;0.13109756097560976
000061/20;61.0;PREGÃO PRESENCIAL;20;28;Homologada  ;12/08/2020;1139700.0;1110000.0;Registro de preço para a aquisição de Óleo Diesel B S-10 para abastecimento direto da frota municipal, através de postos de serviços, pelo período 12 ;30/07/2020;12/08/2020;;S;;29700.0;0.026059489339299816
000060/20;60.0;DISPENSA;20;20;Homologada  ;21/07/2020;8760.0;6960.0;Contratação de empresa para fornecimento de sistema informatizado como serviço (SaaS), para a compilação da legislação municipal, com disponibilização;09/06/2020;21/07/2020;;N;Art. 24, II, Lei 8666/93;1800.0;0.2054794520547945
000059/20;59.0;PREGÃO PRESENCIAL;20;27;Homologada  ;31/07/2020;249491.4;22500.0;Contratação de empresa especializada em serviços de fornecimento de link de dados por fibra óptica para atender as necessidades de diversos setores da;20/07/2020;13/08/2020;;N;;226991.4;0.9098165307501581
000058/20;58.0;PREGÃO PRESENCIAL;20;26;Homologada  ;28/07/2020;386220.81;369787.5;O registro de preços para a contratação de empresa especializada no fornecimento de produtos de panificação, para suprir as necessidades dos diversos ;15/07/2020;28/07/2020;;S;;16433.309999999998;0.042549001955642936
000057/20;57.0;PREGÃO PRESENCIAL;20;25;Homologada  ;24/07/2020;3737450.0;2687500.0;Aquisição de combustíveis para abastecimento direto da frota municipal, através de postos de serviços;13/07/2020;24/07/2020;;S;;1049950.0;0.28092683514160727
000056/20;56.0;PREGÃO PRESENCIAL;20;24;Homologada  ;23/07/2020;626322.0;616870.0;Registro de preços para a aquisição de pneus novos, para suprir as necessidades de manutenção da frota dos diversos setores da Prefeitura Municipal de;10/07/2020;23/07/2020;;S;;9452.0;0.015091278926814004
000055/20;55.0;PREGÃO PRESENCIAL;20;23;Homologada  ;17/07/2020;830828.0;590441.0;Aquisição de Equipamentos de Proteção Individual – EPI e materiais para a realização de testes para COVID-19, para atender a demanda das Unidades Bási;09/07/2020;17/07/2020;;S;;240387.0;0.28933425450273703
000054/20;54.0;PREGÃO PRESENCIAL;20;22;Homologada  ;22/07/2020;214934.4;161390.4;Aquisição de leites especiais e suplementos alimentares, para crianças e adultos com diversos problemas de saúde, inclusive de demanda judicial para o;08/07/2020;22/07/2020;;S;;53544.0;0.24911787038277727
000053/20;53.0;PREGÃO PRESENCIAL;20;21;Homologada  ;16/07/2020;943341.53;451741.4;O Registro de preço para à aquisição de materiais hospitalares para atender a demanda das Unidades Básicas de Saúde do município de Riolândia, pelo pe;03/07/2020;16/07/2020;;S;;491600.13;0.521126351767848
000052/20;52.0;PREGÃO PRESENCIAL;20;20;Homologada  ;15/07/2020;427495.84;415510.0;A aquisição de 02 (dois) veículos 0 km, destinados ao uso do Setor da Saúde do município de Riolândia;01/07/2020;15/07/2020;;N;;11985.840000000026;0.02803732546262912
000050/20;50.0;DISPENSA;20;19;Homologada  ;25/06/2020;10870.0;9950.0;Contratação de empresa especializada no fornecimento de estrutura para instalação de Barreira Sanitária no município de Riolândia/SP, em atendimento à;08/06/2020;25/06/2020;;N;Art. 24, II, Lei 8666/93;920.0;0.08463661453541858
000049/20;49.0;DISPENSA;20;18;Homologada  ;23/06/2020;15700.0;14500.0;contratação de empresa especializada em prestação de serviços de promoção de Oficinas para técnicos que visam orientar sobre a música como ferramenta ;27/05/2020;23/06/2020;;N;Art. 24, II, Lei 8666/93;1200.0;0.07643312101910828
000048/20;48.0;DISPENSA;20;17;Homologada  ;22/06/2020;15700.0;15000.0;Contratação de empresa especializada na prestação de serviços de totens com dispenser para álcool em gel, para higienização e esterilização das mãos, ;03/06/2020;22/06/2020;;N;Art. 24, II, Lei 8666/93;700.0;0.044585987261146494
000047/20;47.0;DISPENSA;20;16;Homologada  ;22/06/2020;1383.33;1250.0;Contratação de empresa especializada na prestação de serviços de confecção de máscaras de tecido, para atender a demanda dos cursos e projetos da Assi;03/06/2020;22/06/2020;;N;Art. 24, II, Lei 8666/93;133.32999999999993;0.0963833647791922
000046/20;46.0;PREGÃO PRESENCIAL;20;19;Homologada  ;23/06/2020;244729.93;711265.0;Aquisição de materiais hospitalares para atender a demanda das Unidades Básicas de Saúde e Programas e Projetos da Assistência Social do município de ;08/06/2020;23/06/2020;;S;;-466535.07;-1.9063261694227593
000045/20;45.0;PREGÃO PRESENCIAL;20;18;Homologada  ;22/06/2020;60573.12;48976.3;Registro de preço para aquisição futura e parcelada de alimentos para suprir a demanda do Fundo Social da prefeitura municipal de Riolândia, pelo perí;08/06/2020;22/06/2020;;S;;11596.82;0.1914515877669831
000044/20;44.0;PREGÃO PRESENCIAL;20;17;Homologada  ;30/06/2020;470066.56;161330.0;Aquisição de fraldas descartáveis, infantil e geriátrica, para suprir a demanda dos Setores da Educação e Saúde do município de Riolândia, com entrega;16/06/2020;30/06/2020;;S;;308736.56;0.6567932847637578
000043/20;43.0;TOMADA DE PREÇOS;20;2;Homologada  ;27/05/2020;266169.34;266000.0;Contratação de empresa especializada em obras e serviços de engenharia, para a valorização turística e revitalização da Praia Municipal de Riolândia (;11/05/2020;27/05/2020;;N;;169.3400000000256;0.0006362115185769541
000042/20;42.0;DISPENSA;20;15;Homologada  ;07/05/2020;3000.0;3000.0;Contratação de empresa especializada na prestação de serviços de confecção de máscaras de tecido, para distribuições aos servidores públicos municipai;15/04/2020;07/05/2020;;N;Art. 24, II, Lei 8666/93;0.0;0.0
000041/20;41.0;DISPENSA;20;14;Homologada  ;22/04/2020;13000.0;13000.0;Contratação de empresa especializada para a realização de serviços de arqueologia para o licenciamento ambiental do município de Riolândia/SP, em aten;02/03/2020;22/04/2020;;N;Art. 24, II, Lei 8666/93;0.0;0.0
000040/20;40.0;PREGÃO PRESENCIAL;20;16;Homologada  ;07/05/2020;63134.37;49280.0;Aquisição de ração canina para atender a demanda do canil municipal de Riolândia;23/04/2020;07/05/2020;;N;;13854.370000000003;0.2194425952139857
000039/20;39.0;PREGÃO PRESENCIAL;20;15;Homologada  ;28/04/2020;178895.83;119000.0;Aquisição de cestas básicas de alimentos para o Fundo Municipal de Assistência e Promoção Social da Prefeitura Municipal de Riolândia;13/04/2020;28/04/2020;;S;;59895.82999999999;0.3348084189553216
000038/20;38.0;CONVITE;20;5;Homologada  ;17/04/2020;46560.0;42000.0;Contratação de empresa prestadora de serviços especializada em assessoria de imprensa, comunicação institucional e de serviços editoriais para promoçã;31/03/2020;17/04/2020;;N;;4560.0;0.0979381443298969
000037/20;37.0;DISPENSA;20;13;Homologada  ;01/04/2020;38985.15;38985.15;Aquisição de materiais hospitalares para atender a demanda das Unidades Básicas de Saúde do município de Riolândia, conforme especificações e quantida;23/03/2020;01/04/2020;;N;Art. 24, IV, Lei 8666/93;0.0;0.0
000036/20;36.0;DISPENSA;20;12;Homologada  ;01/04/2020;11115.0;11115.0;Aquisição de agendas e cadernos personalizados para atender as necessidades do Setor da Educação, do Município de Riolândia/SP, conforme especificaçõe;04/02/2020;01/04/2020;;N;Art. 24, II, Lei 8666/93;0.0;0.0
000035/20;35.0;DISPENSA;20;11;Homologada  ;24/03/2020;3725.9;3725.9;Aquisição de mobiliários para atender as necessidades do Centro de Referência em Assistência Social – CRAS, do Município de Riolândia/SP, conforme esp;09/03/2020;24/03/2020;;N;Art. 24, II, Lei 8666/93;0.0;0.0
000034/20;34.0;PREGÃO PRESENCIAL;20;14;Homologada  ;06/04/2020;1000000.0;692800.0;Aquisição de medicamentos não contidos na Relação Municipal de Medicamentos Essenciais (REMUME), objetivando o maior percentual de desconto sobre a ta;20/03/2020;06/04/2020;;S;;307200.0;0.3072
000033/20;33.0;PREGÃO PRESENCIAL;20;13;Homologada  ;27/04/2020;86400.0;69999.96;Contratação do serviço de coleta regular de resíduos sólidos urbanos no Município de Riolândia, pelo período de 12 (doze) meses.;19/03/2020;27/04/2020;;N;;16400.039999999994;0.1898152777777777
000032/20;32.0;DISPENSA;20;10;Homologada  ;17/03/2020;528.0;528.0;Contratação de empresa especializada em serviços de fornecimento de link de dados por fibra óptica para atender as necessidades do Centro de Referênci;27/02/2020;17/03/2020;;N;Art. 24, II, Lei 8666/93;0.0;0.0
000031/20;31.0;DISPENSA;20;9;Homologada  ;13/03/2020;12579.0;12579.0;Aquisição de ovos de páscoa a serem distribuídos aos alunos da rede pública de ensino do município de Riolândia, conforme especificações técnicas e qu;18/02/2020;13/03/2020;;N;Art. 24, II, Lei 8666/93;0.0;0.0
000029/20;29.0;DISPENSA;20;8;Homologada  ;06/03/2020;14750.0;14500.0;Aquisição de concreto usinado para atender a demanda da Prefeitura Municipal de Riolândia, conforme especificações técnicas e quantidades contidas no ;13/02/2020;06/03/2020;;N;Art. 24, II, Lei 8666/93;250.0;0.01694915254237288
000028/20;28.0;CONVITE;20;3;Homologada  ;17/03/2020;12266.67;7890.0;Contratação de empresa especializada na prestação de serviços técnicos especializados no planejamento, organização, realização e processamento de Conc;06/03/2020;17/03/2020;;N;;4376.67;0.356793653045203
000027/20;27.0;DISPENSA;20;7;Homologada  ;05/03/2020;16720.2;17490.7;Contratação de empresa especializada na prestação de serviços de fornecimento e instalação de divisórias em gesso acartonado e persianas, para atender;10/02/2020;05/03/2020;;N;Art. 24, II, Lei 8666/93;-770.5;-0.0460819846652552
000026/20;26.0;PREGÃO PRESENCIAL;20;12;Homologada  ;19/03/2020;150467.94;54951.75;registro de preços visando a aquisição com entrega parcelada, de material esportivo, para manutenção das atividades correlatas desenvolvidas pelos div;06/03/2020;19/03/2020;;S;;95516.19;0.6347942957150872
000025/20;25.0;DISPENSA;20;6;Homologada  ;03/03/2020;4166.67;3400.0;Aquisição de bebedouros industriais refrigerados para atender as necessidades do Centro de Referência em Assistência Social – CRAS, do Município de Ri;11/02/2020;03/03/2020;;N;Art. 24, II, Lei 8666/93;766.6700000000001;0.18400065279947778
000024/20;24.0;CONVITE;20;2;Classificada;12/03/2020;18570.0;0.0;Contratação de empresa especializada no fornecimento de estrutura técnica e operacional para realização das festividades em “Comemoração do Aniversári;02/03/2020;;;N;;18570.0;1.0
000023/20;23.0;DISPENSA;20;5;Homologada  ;03/03/2020;12127.06;11160.01;Aquisição de mobiliários para atender as necessidades do Centro de Referência em Assistência Social – CRAS, do Município de Riolândia/SP, conforme esp;03/02/2020;03/03/2020;;N;Art. 24, II, Lei 8666/93;967.0499999999993;0.07974315291587568
000022/20;22.0;PREGÃO PRESENCIAL;20;11;Homologada  ;12/03/2020;381340.67;366265.0;O Registro de Preços para a contratação de empresa especializada para prestação de serviços de borracharia para manutenção da frota oficial da prefeit;28/02/2020;12/03/2020;;S;;15075.669999999984;0.03953333904825831
000021/20;21.0;PREGÃO PRESENCIAL;20;10;Homologada  ;11/03/2020;257595.96;242709.7;contratação de empresa especializada no fornecimento de peças e acessórios e na prestação de serviços de auto elétrica para manutenção preventiva e co;27/02/2020;11/03/2020;;N;;14886.25999999998;0.05778918271854877
000020/20;20.0;PREGÃO PRESENCIAL;20;9;Homologada  ;10/03/2020;163787.0;146698.0;Aquisição de óleo lubrificante, graxa e fluído para freio, para a manutenção da frota de veículos, máquinas e equipamentos dos diversos setores da Pre;21/02/2020;10/03/2020;;N;;17089.0;0.10433673002130817
000019/20;19.0;INEXIGIBILIDADE;20;4;Homologada  ;20/02/2020;19500.0;12400.0;Contratação de profissional do setor artístico para realização de show para festividades de “Comemoração do Aniversário de Emancipação Política do Mun;03/02/2020;20/02/2020;;N;Art. 25, III, Lei 8666/93;7100.0;0.3641025641025641
000018/20;18.0;INEXIGIBILIDADE;20;3;Homologada  ;18/02/2020;20000.0;15000.0;Contratação de profissional do setor artístico para realização de show para festividades de “Comemoração do Aniversário de Emancipação Política do Mun;28/01/2020;18/02/2020;;N;Art. 25, III, Lei 8666/93;5000.0;0.25
000017/20;17.0;PREGÃO PRESENCIAL;20;8;Homologada  ;13/03/2020;64166.67;52496.5;Contratação de empresa para prestação de serviços de segurança e brigadistas não armados, para atender os diversos eventos a serem realizados pelo mun;12/02/2020;13/03/2020;;S;;11670.169999999998;0.1818727697728431
000016/20;16.0;DISPENSA;20;4;Homologada  ;29/01/2020;8833.33;7500.0;Contratação de empresa especializada para elaboração de Levantamento Técnico de Preços de Terras 2.020, do município de Riolândia, em atendimento à In;15/01/2020;07/02/2020;;N;Art. 24, II, Lei 8666/93;1333.33;0.15094307582757577
000015/20;15.0;PREGÃO PRESENCIAL;20;7;Homologada  ;20/02/2020;360938.32;333238.0;Aquisição de uniformes (bermuda feminina, bermuda masculina, camiseta, short-saia feminino e tênis) para os estudantes da Rede Pública de Ensino do Mu;07/02/2020;20/02/2020;;N;;27700.320000000007;0.07674530096998292
000014/20;14.0;PREGÃO PRESENCIAL;20;6;Homologada  ;21/02/2020;190963.33;176639.0;A aquisição de 02 (dois) veículos 0 km, destinados ao uso do Setor da Saúde do município de Riolândia;05/02/2020;05/03/2020;;N;;14324.329999999987;0.07501089345268533
000012/20;12.0;DISPENSA;20;3;Homologada  ;29/01/2020;14666.67;14000.0;Aquisição de Concreto Asfáltico Usinado à Quente (CBUQ – quente), para uso do setor de serviços de obras, infraestrutura da Prefeitura Municipal de Ri;08/01/2020;30/01/2020;;N;Art. 24, II, Lei 8666/93;666.6700000000001;0.045454762396644914
000011/20;11.0;PREGÃO PRESENCIAL;20;5;Homologada  ;11/02/2020;279699.9;277500.0;Contratação de empresa especializada para operação e execução de serviços de manutenção preventiva e corretiva do sistema de iluminação pública e orna;28/01/2020;27/02/2020;;N;;2199.9000000000233;0.007865215539941284
000010/20;10.0;DISPENSA;20;2;Homologada  ;15/01/2020;12349.0;11850.0;Aquisição de conjuntos escolares para atender as necessidades da EMEB “Prefeito Ruy Malachias Ferreira”, da rede publica de ensino do município de Rio;03/01/2020;23/01/2020;;N;Art. 24, II, Lei 8666/93;499.0;0.04040813021297271
000009/20;9.0;INEXIGIBILIDADE;20;2;Homologada  ;20/01/2020;73000.0;58000.0;Contratação de profissional do setor artístico para realização de show para festividades de “Comemoração do Aniversário de Emancipação Política do Mun;03/01/2020;20/01/2020;;N;Art. 25, III, Lei 8666/93;15000.0;0.2054794520547945
000008/20;8.0;INEXIGIBILIDADE;20;1;Homologada  ;20/01/2020;211750.0;163500.0;Contratação de profissional do setor artístico para realização de show para festividades de “Comemoração do Aniversário de Emancipação Política do Mun;03/01/2020;20/01/2020;;N;Art. 25, III, Lei 8666/93;48250.0;0.22786304604486424
000007/20;7.0;PREGÃO PRESENCIAL;20;4;Homologada  ;05/02/2020;91133.33;89666.67;Contratação de empresa especializada para procedimentos relacionados a serviços de confecção de próteses dentárias fixas e removíveis, para suprir as ;20/01/2020;05/02/2020;;N;;1466.6600000000035;0.016093563134365916
000006/20;6.0;CONVITE;20;1;Homologada  ;28/01/2020;78667.33;75230.0;Contratação de empresa especializada para a execução de sondagem, elaboração dos projetos básicos, executivos e de aprovação, bem como o registro do l;16/01/2020;28/01/2020;;N;;3437.3300000000017;0.0436945044404075
000005/20;5.0;DISPENSA;20;1;Homologada  ;06/01/2020;5283.33;3800.0;Contratação de empresa especializada na prestação de serviços técnicos especializados no planejamento, organização, realização e processamento de Proc;10/12/2019;06/01/2020;;N;Art. 24, II, Lei 8666/93;1483.33;0.28075664401050093
000004/20;4.0;PREGÃO PRESENCIAL;20;3;Homologada  ;04/02/2020;90030.5;82929.0;Registro de Preços visando a aquisição de areia grossa e pedra britada 1, para suprir as necessidades de manutenção dos diversos setores da Prefeitura;17/01/2020;04/02/2020;;N;;7101.5;0.07887882439839831
000003/20;3.0;TOMADA DE PREÇOS;20;1;Homologada  ;30/01/2020;375371.34;368090.0;Aquisição de materiais didáticos e recursos pedagógicos, para alunos e professores da Educação Infantil (04 Anos e 05 Anos) e do Ensino Fundamental (1;15/01/2020;30/01/2020;;N;;7281.340000000026;0.01939769828991213
000002/20;2.0;PREGÃO PRESENCIAL;20;2;Homologada  ;23/01/2020;380917.33;295268.1;O registro de preços para a aquisição de alimentos perecíveis para projetos e programas da Assistência Social deste Município de Riolândia/SP, com ent;10/01/2020;23/01/2020;;S;;85649.23000000004;0.22484991690979256
000001/20;1.0;PREGÃO PRESENCIAL;20;1;Homologada  ;22/01/2020;1458245.9;713117.4;Registro de preço para a aquisição de materiais de higiene e limpeza para atender a demanda dos diversos setores da Prefeitura Municipal de Riolândia,;09/01/2020;22/01/2020;;S;;745128.4999999999;0.5109758923374994
000167/21;167.0;DISPENSA;21;67;Homologada  ;23/12/2021;27019.73;21299.5;Aquisição de eletrodomésticos para distribuição aos contribuintes, através de sorteio a ser realizado pela Prefeitura Municipal de Riolândia, atendend;19/11/2021;23/12/2021;;N;Art. 75, II, Lei 14.133/2021;5720.23;0.21170566841341493
000166/21;166.0;DISPENSA;21;66;Homologada  ;20/12/2021;17387.52;17000.0;Contratação de empresa especializada na realização de apresentações artísticas para as festividades do Natal e Ano Novo no Município de Riolândia, que;01/12/2021;20/12/2021;;N;Art. 24, II, Lei 8666/93;387.52000000000044;0.022287249705535948
000165/21;165.0;PREGÃO PRESENCIAL;21;57;Classificada;06/01/2022;1249160.28;0.0;Registro de preços para a aquisição de pneus novos, para suprir as necessidades de manutenção da frota dos diversos setores da Prefeitura Municipal de;09/12/2021;;;S;;1249160.28;1.0
000164/21;164.0;CONVITE;21;36;Homologada  ;17/12/2021;31300.0;30000.0;Contratação de empresa especializada na apresentação de banda artística para as festividades do Natal no Município de Riolândia, que ocorrerá na Praça;07/12/2021;17/12/2021;;N;;1300.0;0.04153354632587859
000162/21;162.0;CONVITE;21;35;Homologada  ;10/12/2021;60852.14;59059.94;Contratação de empresa especializada na prestação de serviços e fornecimento de materiais para instalação de tela de proteção contra nidificação de pá;24/11/2021;10/12/2021;;N;;1792.199999999997;0.02945171689935633
000161/21;161.0;DISPENSA;21;65;Homologada  ;30/11/2021;250350.0;250350.0;adesão do Consórcio Público Intermunicipal de Inovação e Desenvolvimento de São Paulo- CINDESP, através do Pregão Eletrônico nº 003/2021, Processo n° ;03/11/2021;30/11/2021;;N;Art. 24, XVIII, Lei 8666/93;0.0;0.0
000160/21;160.0;CONVITE;21;34;Homologada  ;07/12/2021;46519.78;45843.6;Contratação de empresa especializada na prestação de serviços de manutenção geral em equipamentos, máquinas e eletrodomésticos, para atender a demanda;19/11/2021;07/12/2021;;N;;676.1800000000003;0.014535322394044002
000159/21;159.0;DISPENSA;21;64;Homologada  ;22/11/2021;50400.0;48000.0;Aquisição de 4.000 m² de gramas, para ser entregue, plantada e acerto em terrenos no Município de Riolândia-SP, para atender a demanda do município, e;18/10/2021;22/11/2021;;N;Art. 75, II, Lei 14.133/2021;2400.0;0.047619047619047616
000158/21;158.0;DISPENSA;21;63;Homologada  ;23/11/2021;44335.0;34925.0;Contratação de empresa especializada no fornecimento de carrinhos de bebê, para atender as necessidades das Creches Municipais de Riolândia, com entre;05/11/2021;23/11/2021;;N;Art. 75, II, Lei 14.133/2021;9410.0;0.21224765986241118
000157/21;157.0;CONVITE;21;33;Homologada  ;01/12/2021;65699.97;62200.0;contratação de empresa especializada no fornecimento de estrutura técnica e operacional para realização das festividades do Natal e Ano Novo no Municí;18/11/2021;01/12/2021;;N;;3499.970000000001;0.05327201823684244
000156/21;156.0;DISPENSA;21;62;Homologada  ;22/11/2021;20825.0;17500.0;Aquisição de Coletores de lixo em aço carbono, para atender a demanda das Praças Municipais de Riolândia-SP, conforme descrições e quantidades constan;05/11/2021;22/11/2021;;N;Art. 24, II, Lei 8666/93;3325.0;0.15966386554621848
000155/21;155.0;CONVITE;21;32;Homologada  ;30/11/2021;33492.84;32210.0;contratação de empresa especializada na realização de manutenção e retifica de motor, incluindo fornecimento de peças/acessórios e mão de obra, no Mic;11/11/2021;30/11/2021;;N;;1282.8399999999965;0.03830191766359606
000154/21;154.0;DISPENSA;21;61;Homologada  ;18/11/2021;474123.14;474123.14;adesão do Consórcio Público Intermunicipal de Inovação e Desenvolvimento de São Paulo- CINDESP, através do Pregão n° 009/2020, Processo n° 016/2020, q;28/10/2021;18/11/2021;;N;Art. 24, XV, Lei 8666/93;0.0;0.0
000153/21;153.0;DISPENSA;21;60;Homologada  ;17/11/2021;31000.0;30000.0;Contratação de empresa especializada na prestação de serviços de podas em árvores, para atender a demanda do município de Riolândia, em prestação parc;15/09/2021;17/11/2021;;N;Art. 75, II, Lei 14.133/2021;1000.0;0.03225806451612903
000152/21;152.0;CONVITE;21;31;Homologada  ;06/12/2021;89638.66;87265.0;Contratação de empresa especializada na realização de manutenção de ar condicionado, incluindo fornecimento de peças/acessórios e mão de obra, que nec;25/11/2021;06/12/2021;;N;;2373.6600000000035;0.026480315524573923
000151/21;151.0;DISPENSA;21;1;Homologada  ;20/12/2021;2009190.0;2008436.0;AQUISIÇÃO DE GÊNEROS ALIMENTÍCIOS DIRETAMENTE DA AGRICULTURA FAMILIAR E DO EMPREENDEDOR FAMILIAR RURAL DESTINADO A MERENDA ESCOLAR, CONFORME §1º DO AR;08/11/2021;20/12/2021;;N;Chamada Publica - Lei Federal 11.947/2009;754.0;0.0003752756085785814
000150/21;150.0;CONVITE;21;30;Homologada  ;24/11/2021;41422.96;40806.4;Contratação de empresa especializada na prestação de serviço de mão de obra com fornecimento de materiais para reforma de 4 (quatro) unidades habitaci;12/11/2021;24/11/2021;;N;;616.5599999999977;0.014884498838325357
000149/21;149.0;DISPENSA;21;59;Homologada  ;05/11/2021;226196.0;226196.0;Adesão a Ata de Registro de Preços da CINDESP para aquisição de 1.172 (quantidade) de kits de materiais didáticos e pedagógicos de apoio a aprendizage;20/09/2021;05/11/2021;;N;Art. 24, XV, Lei 8666/93;0.0;0.0
000148/21;148.0;DISPENSA;21;58;Homologada  ;04/11/2021;19440.62;17867.8;Contratação de empresa especializada na prestação de serviços de remoção/instalação de poste e adequação de rede elétrica em regime de Linha Viva (red;13/09/2021;04/11/2021;;N;Art. 75, II, Lei 14.133/2021;1572.8199999999997;0.08090379833564978
000147/21;147.0;PREGÃO PRESENCIAL;21;56;Homologada  ;26/11/2021;859200.0;727056.0;Contratação, em regime de empreitada por preço global, de empresa especializada em serviços saúde para atendimento na Unidade Prisional CDP e Penitenc;12/11/2021;26/11/2021;;N;;132144.0;0.15379888268156425
000146/21;146.0;CONVITE;21;29;Homologada  ;08/11/2021;20037.06;18426.0;Contratação de empresa especializada no fornecimento de peças/acessórios e prestação de serviços de mão de obra mecânica, para manutenção do Ônibus 20;14/10/2021;08/11/2021;;N;;1611.0600000000013;0.08040401136693713
000145/21;145.0;CONVITE;21;28;Homologada  ;04/11/2021;96194.99;94272.45;Contratação de empresa especializada na prestação de serviços, para reforma do Velório Municipal de Riolândia-SP, conforme especificações técnicas e q;18/10/2021;04/11/2021;;N;;1922.5400000000081;0.019985864128682876
000144/21;144.0;CONVITE;21;27;Homologada  ;29/10/2021;24482.93;23000.0;Contratação de empresa especializada na realização de Remoção e Instalação de motor e mão de obra mecânica, para manutenção que necessita o Micro Ônib;18/10/2021;29/10/2021;;N;;1482.9300000000003;0.06056995629199611
000143/21;143.0;INEXIGIBILIDADE;21;3;Homologada  ;19/10/2021;80000.0;80000.0;Contratação de profissional do setor artístico para realização de show para festividades do Réveillon (ano-novo) do Município de Riolândia-SP, que oco;10/09/2021;19/10/2021;;N;Art. 25, III, Lei 8666/93;0.0;0.0
000142/21;142.0;DISPENSA;21;57;Homologada  ;19/10/2021;13400.04;11400.0;Contratação de empresa especializada na prestação de serviços de locação, armazenagem e disponibilização de dados para Internet em computadores da Pre;01/10/2021;19/10/2021;;N;Art. 24, II, Lei 8666/93;2000.0400000000009;0.1492562708768034
000141/21;141.0;CONVITE;21;26;Homologada  ;27/10/2021;28666.84;27517.6;Contratação de empresa especializada na realização de manutenção, incluindo fornecimento de peças/acessórios e mão de obra, para reforma de um caminhã;05/10/2021;27/10/2021;;N;;1149.2400000000016;0.04008952504008121
000140/21;140.0;PREGÃO PRESENCIAL;21;55;Homologada  ;11/11/2021;340477.0;118777.5;registro de preço para aquisição futura e parcelada de leites especiais e suplementos alimentares, para crianças e adultos com diversos problemas de s;26/10/2021;11/11/2021;;S;;221699.5;0.6511438364412281
000139/21;139.0;DISPENSA;21;56;Homologada  ;15/10/2021;4440.0;1920.0;Contratação de empresa especializada no fornecimento via correio eletrônico e/ou website de boletim de publicações em nome do Município de Riolândia/S;03/09/2021;15/10/2021;;N;Art. 24, II, Lei 8666/93;2520.0;0.5675675675675675
000138/21;138.0;CONVITE;21;25;Homologada  ;22/10/2021;245723.56;244562.46;Contratação de empresa especializada na prestação de serviços, para reforma da da CEMEI “Antônio Gonçalves da Silva” de Riolândia, conforme especifica;04/10/2021;22/10/2021;;N;;1161.1000000000058;0.004725228626835806
000137/21;137.0;PREGÃO PRESENCIAL;21;54;Homologada  ;09/11/2021;775340.0;292400.0;registro de preços para a aquisição de fraldas descartáveis, infantil e geriátrica, para suprir a demanda dos Setores da Educação e Saúde do município;22/09/2021;09/11/2021;;S;;482940.0;0.6228751257512833
000136/21;136.0;CONVITE;21;24;Homologada  ;19/10/2021;60397.6;58709.24;Contratação de empresa especializada na prestação de serviços de construção de unidade habitacional no Município de Riolândia-SP, para beneficiar famí;27/09/2021;19/10/2021;;N;;1688.3600000000006;0.027954090891028793
000135/21;135.0;PREGÃO PRESENCIAL;21;53;Homologada  ;21/10/2021;646548.0;517599.2;Contratação de empresa especializada na prestação de serviços de transporte escolar para alunos da rede pública de ensino, residentes na área rural do;05/10/2021;21/10/2021;;N;;128948.79999999999;0.1994419594523531
000134/21;134.0;DISPENSA;21;55;Homologada  ;05/10/2021;6333.32;5000.0;Contratação de Empresa, para prestação de serviços de assessoria técnica, para implantação da Lei Federal 14.017/20 (Lei Aldir Blanc), que dispõe sobr;14/09/2021;05/10/2021;;N;Art. 24, II, Lei 8666/93;1333.3199999999997;0.2105246537361131
000133/21;133.0;DISPENSA;21;54;Homologada  ;05/10/2021;17376.71;16770.0;Contratação de empresa especializada na prestação de serviços de manutenção preventiva e corretiva das lousas digitais e equipamentos da Escola Ruy Ma;10/09/2021;05/10/2021;;N;Art. 24, II, Lei 8666/93;606.7099999999991;0.03491512489993786
000132/21;132.0;CONVITE;21;23;Homologada  ;14/10/2021;32366.66;30000.0;Contratação de empresa especializada na realização de Remoção e Instalação de motor e mão de obra mecânica, para manutenção do que necessita o Ônibus ;28/09/2021;14/10/2021;;N;;2366.66;0.07312030342333747
000131/21;131.0;DISPENSA;21;53;Homologada  ;01/10/2021;18183.33;15750.0;Contratação de empresas especializadas na realização de Teatro e Palestra para apresentação na 1ª semana dos Profissionais da Educação no Município de;08/09/2021;01/10/2021;;N;Art. 24, II, Lei 8666/93;2433.3300000000017;0.1338220226988127
000130/21;130.0;CONVITE;21;22;Homologada  ;13/10/2021;200266.82;198261.42;Contratação de empresa especializada na prestação de serviços, para reforma da EMEB Ruy Malachias Ferreira de Riolândia, conforme especificações técni;27/09/2021;13/10/2021;;N;;2005.3999999999942;0.01001364080180628
000129/21;129.0;DISPENSA;21;52;Homologada  ;28/09/2021;25286.0;17600.0;Contratação de empresa especializada no fornecimento de camas empilháveis, para atender as necessidades das Creches Municipais de Riolândia, com entre;03/09/2021;28/09/2021;;N;Art. 24, II, Lei 8666/93;7686.0;0.3039626670885075
000128/21;128.0;DISPENSA;21;51;Homologada  ;29/09/2021;15514.21;14617.6;aquisição de materiais e equipamentos de fisioterapia, para atender a demanda do município de Riolândia, pelo período de 12 (doze) meses, conforme esp;08/09/2021;29/09/2021;;N;Art. 24, II, Lei 8666/93;896.6099999999988;0.0577928234824718
000127/21;127.0;CONVITE;21;21;Homologada  ;06/10/2021;78120.72;69600.0;Contratação de empresa especializada em serviços de fornecimento de rede de fibra óptica e internet, para atender as necessidades de diversos setores ;24/09/2021;06/10/2021;;N;;8520.720000000001;0.10907119135614726
000126/21;126.0;PREGÃO ELETRÔNICO;21;52;Homologada  ;04/10/2021;207212.8;62375.96;Aquisição de materiais hospitalares para atender a demanda das Unidades Básicas de Saúde do município de Riolândia, em razão da pandemia pelo COVID-19;10/09/2021;04/10/2021;;N;;144836.84;0.6989763180652933
000125/21;125.0;CONVITE;21;20;Homologada  ;29/09/2021;70700.7;69998.87;Aquisição de equipamentos de sistema de gravação digital de imagens (DVR) e câmeras de segurança, em diversos prédios públicos do município de Riolând;03/09/2021;29/09/2021;;N;;701.8300000000017;0.009926775831073834
000124/21;124.0;PREGÃO PRESENCIAL;21;51;Homologada  ;28/09/2021;171501.6;168350.0;Registro de preço de clínica veterinária ou hospital veterinário para esterilização de animais machos e fêmeas, visando o controle da população canina;10/09/2021;28/09/2021;;S;;3151.600000000006;0.018376504942227978
000123/21;123.0;CONVITE;21;19;Homologada  ;21/09/2021;38121.0;19493.0;Contratação de empresa especializada na prestação de serviços técnicos especializados no planejamento, organização, realização e processamento de Proc;08/09/2021;21/09/2021;;N;;18628.0;0.4886545473623462
000122/21;122.0;PREGÃO PRESENCIAL;21;50;Homologada  ;20/09/2021;369952.71;335226.67;Aquisição de equipamentos de informática e eletrodomésticos para atender as necessidades das escolas municipais de Riolândia-SP, com entrega imediata,;26/08/2021;20/09/2021;;N;;34726.04000000004;0.09386615927208652
000121/21;121.0;DISPENSA;21;50;Homologada  ;03/09/2021;22512.0;17220.0;Contratação de empresa especializada no fornecimento de Kits de higiene bucal, para atender as necessidades do Centro Odontológico Municipal - COM do ;05/08/2021;03/09/2021;;N;Art. 75, II, Lei 14.133/2021;5292.0;0.23507462686567165
000120/21;120.0;PREGÃO PRESENCIAL;21;49;Homologada  ;16/09/2021;3064795.7;552842.65;Registro de Preço para à aquisição de materiais hospitalares para atender a demanda das Unidades Básicas de Saúde do município de Riolândia, com entre;26/08/2021;16/09/2021;;S;;2511953.0500000003;0.8196151704337096
000119/21;119.0;DISPENSA;21;49;Homologada  ;31/08/2021;49725.0;46800.0;Contratação de empresa especializada para prestação de serviços de funilaria e pintura para atender as necessidade dos veículos da frota da Prefeitura;11/08/2021;31/08/2021;;N;Art. 75, II, Lei 14.133/2021;2925.0;0.058823529411764705
000118/21;118.0;DISPENSA;21;48;Homologada  ;31/08/2021;2696.64;1788.0;Contratação de empresa especializada em serviços de suporte técnico e manutenção preventiva dos relógios de ponto da Prefeitura Municipal de Riolândia;02/08/2021;31/08/2021;;N;Art. 24, II, Lei 8666/93;908.6399999999999;0.3369526521893912
000117/21;117.0;DISPENSA;21;47;Homologada  ;30/08/2021;27104.63;17000.0;Contratação de software especializado em gestão, gerenciamento, armazenando dados e informações para a Assistência Social do Município de Riolândia-SP;19/07/2021;30/08/2021;;N;Art. 24, II, Lei 8666/93;10104.630000000001;0.3728008830963566
000116/21;116.0;PREGÃO PRESENCIAL;21;48;Homologada  ;14/09/2021;616985.0;605046.0;Contratação de empresa especializada no fornecimento de produtos de panificação, para suprir as necessidades dos diversos setores da Prefeitura Munici;27/08/2021;14/09/2021;;S;;11939.0;0.019350551472077926
000115/21;115.0;PREGÃO PRESENCIAL;21;47;Homologada  ;10/09/2021;531960.0;456000.0;Registro de Preço de empresa especializada na realização de oficinas de atividades socioeducativas no âmbito dos programas da Assistência Social do mu;19/08/2021;10/09/2021;;S;;75960.0;0.14279269117978796
000114/21;114.0;PREGÃO PRESENCIAL;21;46;Homologada  ;08/09/2021;56411.83;51300.0;aquisição de Cardioversor e Lavadora de Alta Pressão para suprir as necessidades do setor da saúde do município de Riolândia, com entrega imediata, co;18/08/2021;08/09/2021;;N;;5111.830000000002;0.09061627676322505
000113/21;113.0;CONVITE;21;18;Homologada  ;26/08/2021;169852.49;162106.63;Contratação de empresa especializada no fornecimento de peças/acessórios e prestação de serviços de mão de obra mecânica, para manutenção de diversos ;12/08/2021;01/09/2021;;N;;7745.859999999986;0.045603452737136715
000112/21;112.0;PREGÃO PRESENCIAL;21;45;Homologada  ;05/10/2021;1562844.4;1367350.0;Contratação de serviços de administração, gerenciamento, emissão e fornecimento de documentos de legitimação – Auxílio Alimentação, na forma de cartão;21/09/2021;05/10/2021;;N;;195494.3999999999;0.12508884441726886
000111/21;111.0;PREGÃO ELETRÔNICO;21;44;Homologada  ;27/08/2021;143740.0;94569.0;Aquisição de equipamentos de informática, para suprir as necessidades do Setor de Saúde da Prefeitura Municipal de Riolândia, com entrega imediata, co;11/08/2021;27/08/2021;;N;;49171.0;0.34208292750800057
000110/21;110.0;PREGÃO PRESENCIAL;21;43;Homologada  ;25/08/2021;56562.57;22380.18;Aquisição de medicamentos e produtos de uso veterinário, para atender a demanda do Canil Municipal de Riolândia, com entrega parcelada pelo período de;09/08/2021;25/08/2021;;N;;34182.39;0.6043287990627018
000109/21;109.0;DISPENSA;21;46;Homologada  ;11/08/2021;17000.04;14400.0;Contratação de Empresa para prestação de serviços de capacitação, treinamento, apoio técnico especializado para servidores do setor de Arrecadação e F;07/06/2021;11/08/2021;;N;Art. 24, II, Lei 8666/93;2600.040000000001;0.15294316954548345
000108/21;108.0;PREGÃO PRESENCIAL;21;42;Homologada  ;19/08/2021;359034.7;184158.2;O registro de preços para aquisição de material esportivo, para manutenção das atividades correlatas desenvolvidas pelos diversos setores da Prefeitur;03/08/2021;19/08/2021;;S;;174876.5;0.48707409061018336
000107/21;107.0;PREGÃO PRESENCIAL;21;41;Homologada  ;18/08/2021;57309.66;33200.15;Aquisição de móveis e eletrodomésticos para atender a demanda da nova Unidade de Saúde da Familia do município de Riolândia-SP, com entrega imediata, ;03/08/2021;18/08/2021;;N;;24109.510000000002;0.42068841448370137
000106/21;106.0;PREGÃO PRESENCIAL;21;40;Homologada  ;17/08/2021;1930532.8;1332816.9;Registro de Preços para a aquisição de gêneros alimentícios não perecíveis para atendimento às necessidades do serviço de merenda escolar da Rede Muni;02/08/2021;17/08/2021;;S;;597715.9000000001;0.30961188538210804
000105/21;105.0;DISPENSA;21;45;Homologada  ;03/08/2021;18000.0;16800.0;locação de prédio residencial situado na Rua 08, nº 668, Centro, Riolândia-SP, destinado ao funcionamento da CASA LAR;16/06/2021;03/08/2021;;N;Art. 24, X, Lei 8666/93;1200.0;0.06666666666666667
000104/21;104.0;DISPENSA;21;44;Homologada  ;02/08/2021;16870.68;16758.0;Contratação de empresa especializada na prestação de serviço móvel pessoal (SMP) nas modalidades de voz/dados, pelo período de 12 (doze) meses, em con;14/06/2021;02/08/2021;;N;Art. 24, II, Lei 8666/93;112.68000000000029;0.0066790431683844565
000103/21;103.0;CONVITE;21;17;Homologada  ;11/08/2021;27563.31;25000.0;contratação de empresa especializada na realização de retifica de motor, incluindo fornecimento de peças/acessórios e mão de obra mecânica, para manut;27/07/2021;11/08/2021;;N;;2563.3100000000013;0.09299717631880935
000102/21;102.0;CONVITE;21;16;Homologada  ;09/08/2021;61703.62;58280.0;contratação de empresa especializada em fornecimento e instalação de paredes de gesso, manta acústica, pedra para balcão, vidro para guichê e espelhos;26/07/2021;09/08/2021;;N;;3423.6200000000026;0.05548491320282347
000101/21;101.0;PREGÃO PRESENCIAL;21;39;Homologada  ;07/10/2021;191197.02;100000.0;Contratação de empresa especializada na prestação de serviços no ramo de seguros automotivos, com cobertura contra danos materiais resultantes de sini;23/07/2021;07/10/2021;;N;;91197.01999999999;0.4769792960162245
000100/21;100.0;DISPENSA;21;43;Homologada  ;22/07/2021;8960.04;6960.0;contratação de empresa para fornecimento de sistema informatizado como serviço (SaaS), para a compilação da legislação municipal, com disponibilização;08/07/2021;22/07/2021;;N;Art. 24, II, Lei 8666/93;2000.0400000000009;0.223217753492172
000099/21;99.0;CONVITE;21;15;Homologada  ;30/07/2021;139850.0;130750.0;Contratação de empresa especializada na prestação de serviços de “tapa buraco”, incluindo limpeza, requadro, preparo da base, compactação, equipamento;19/07/2021;30/07/2021;;N;;9100.0;0.0650697175545227
000098/21;98.0;PREGÃO PRESENCIAL;21;38;Homologada  ;02/08/2021;6097600.0;5640000.0;Registro de preço para a aquisição de combustíveis para abastecimento direto da frota municipal, através de postos de serviços, pelo período 12 (doze);20/07/2021;02/08/2021;;S;;457600.0;0.07504591970611388
000097/21;97.0;CONVITE;21;14;Homologada  ;28/07/2021;48217.0;46448.0;Contratação de empresa especializada na prestação de serviços de pintura com fornecimento de material, para realizar na Unidade Básica de Saúde Dr. An;14/07/2021;28/07/2021;;N;;1769.0;0.03668830495468403
000096/21;96.0;DISPENSA;21;42;Homologada  ;15/07/2021;29682.34;28035.0;Contratação de empresa especializada no fornecimento de 582 mts lineares de caibros 6x5 de eucalipto tratado e 1.324 mts lineares de tabua 20x3 de euc;14/06/2021;15/07/2021;;N;Art. 75, II, Lei 14.133/2021;1647.3400000000001;0.05549899367772218
000095/21;95.0;PREGÃO PRESENCIAL;21;37;Homologada  ;27/07/2021;177544.19;72952.4;Registro de preço para a aquisição futura e parcelada de materiais odontológicos para atender a demanda do Centro Odontológico Municipal - COM do muni;12/07/2021;27/07/2021;;N;;104591.79000000001;0.5891028594064385
000094/21;94.0;PREGÃO PRESENCIAL;21;36;Homologada  ;22/07/2021;828270.99;648685.0;Contratação de empresa especializada em fornecimento de peças/equipamentos e prestação de serviços de manutenção preventiva e corretiva em Condicionad;06/07/2021;22/07/2021;;N;;179585.99;0.21682033074706625
000093/21;93.0;DISPENSA;21;41;Homologada  ;05/07/2021;34165.0;25000.0;Contratação de empresa especializada em lavagem de carro, para atender a demanda dos veículos do setor da saúde da Prefeitura Municipal de Riolândia-S;17/06/2021;05/07/2021;;N;Art. 75, II, Lei 14.133/2021;9165.0;0.2682569881457632
000092/21;92.0;PREGÃO PRESENCIAL;21;35;Homologada  ;15/07/2021;510827.11;316702.2;Registro de Preço para a contratação de empresa especializada no fornecimento de peças e acessórios para a manutenção preventiva e corretiva da frota ;28/06/2021;15/07/2021;;S;;194124.90999999997;0.38002076671302737
000091/21;91.0;DISPENSA;21;40;Homologada  ;30/06/2021;14718.71;14448.54;Contratação de empresa especializada em serviços de combate e prevenção a incêndio na creche CEMEI Proinfância Vilma Aidar de Carvalho, pelo período d;16/06/2021;30/06/2021;;N;Art. 24, II, Lei 8666/93;270.16999999999825;0.018355548821873537
000090/21;90.0;DISPENSA;21;39;Homologada  ;29/06/2021;37741.18;29760.0;Contratação de empresa especializada para prestação de serviços de cambagem, alinhamento e balanceamento para realizar nos veículos da frota da Prefei;20/05/2021;29/06/2021;;N;Art. 75, II, Lei 14.133/2021;7981.18;0.21147139543596677
000089/21;89.0;DISPENSA;21;38;Homologada  ;28/06/2021;35946.4;34400.0;aquisição de concreto betuminoso usinado a quente (CBUQ) para pavimentação asfáltica, padrão DNIT, faixa C, com CAP 50/70, aquisição posto usina, para;11/06/2021;28/06/2021;;N;Art. 75, II, Lei 14.133/2021;1546.4000000000015;0.043019606970378155
000088/21;88.0;PREGÃO PRESENCIAL;21;34;Homologada  ;08/07/2021;133254.86;94059.42;Registro de preços para Aquisição de gêneros alimentícios perecíveis para atendimento às necessidades de setores da Administração Pública deste Municí;22/06/2021;08/07/2021;;S;;39195.43999999999;0.29413891545869314
000087/21;87.0;DISPENSA;21;37;Homologada  ;24/06/2021;8314.95;7950.0;Aquisição de medicações manipuladas, para atender as necessidades das Unidades Básicas de Saúde do Município de Riolândia/SP, pelo período de 12 (doze;02/06/2021;24/06/2021;;N;Art. 24, II, Lei 8666/93;364.9500000000007;0.04389082315588196
000086/21;86.0;PREGÃO PRESENCIAL;21;33;Homologada  ;01/07/2021;118548.0;41410.0;Contratação de laboratório de análises clínicas ou empresa especializada para, por demanda, realizar exames laboratoriais de pacientes das Unidades Bá;15/06/2021;01/07/2021;;N;;77138.0;0.6506900158585552
000085/21;85.0;PREGÃO PRESENCIAL;21;32;Homologada  ;29/06/2021;213691.11;133623.0;Registro de Preços visando a aquisição de areia grossa, areia fina, pedra britada 1 e pedrisco, para suprir as necessidades de manutenção dos diversos;14/06/2021;29/06/2021;;N;;80068.10999999999;0.3746908797469394
000084/21;84.0;DISPENSA;21;36;Homologada  ;09/06/2021;48120.0;46720.0;Contratação de empresa especializada em prestação de serviços de locação e instalação de tendas para atender as necessidades do Setor de Saúde do muni;12/05/2021;15/06/2021;;N;Art. 75, II, Lei 14.133/2021;1400.0;0.029093931837073983
000082/21;82.0;PREGÃO PRESENCIAL;21;31;Homologada  ;24/06/2021;743749.67;710175.0;O Registro de Preços para a contratação de empresa especializada para prestação de serviços de borracharia para manutenção da frota oficial da prefeit;09/06/2021;24/06/2021;;S;;33574.67000000004;0.045142433474962135
000081/21;81.0;DISPENSA;21;35;Homologada  ;10/06/2021;17256.21;17097.0;contratação de serviços de termonebulização (fumacê) em toda a rede esgoto do Município de Riolândia-SP, compreendendo as áreas externas e internas, o;24/05/2021;10/06/2021;;N;Art. 24, II, Lei 8666/93;159.20999999999913;0.009226243769634187
000080/21;80.0;PREGÃO PRESENCIAL;21;30;Homologada  ;23/06/2021;1346313.32;1296480.0;Registro de Preços para fornecimento parcelado de oxigênio medicinal em sistema de comodato dos cilindros e locação de equipamentos, para atender os p;09/06/2021;23/06/2021;;S;;49833.320000000065;0.037014652725860325
000079/21;79.0;CONVITE;21;12;Homologada  ;15/06/2021;134256.92;130915.09;Contratação de empresa especializada na prestação de serviços de dedetização e desratização de prédios públicos, bem como, a limpeza e desinfecção de ;01/06/2021;15/06/2021;;N;;3341.8300000000163;0.024891305416510492
000078/21;78.0;PREGÃO ELETRÔNICO;21;29;Homologada  ;21/06/2021;195448.41;79976.8;Aquisição de materiais hospitalares para atender a demanda das Unidades Básicas de Saúde e Programas do município de Riolândia, em razão da pandemia p;28/05/2021;21/06/2021;;N;;115471.61;0.590803527130254
000077/21;77.0;PREGÃO PRESENCIAL;21;28;Homologada  ;14/06/2021;118130.0;80877.64;Registro de preço para eventual aquisição de gás liquefeito de petróleo – GLP (P-13 e P-45), para suprir as necessidades dos diversos setores da Prefe;28/05/2021;14/06/2021;;S;;37252.36;0.31535054600863455
000076/21;76.0;DISPENSA;21;34;Homologada  ;27/05/2021;16082.0;14025.0;Contratação de empresa especializada em fornecimento de materiais e mão de obra para prestação de serviços especializado em cobertura estrutural da Pa;07/05/2021;27/05/2021;;N;Art. 24, II, Lei 8666/93;2057.0;0.12790697674418605
000075/21;75.0;DISPENSA;21;33;Homologada  ;26/05/2021;18227.0;16400.0;Contratação de empresa especializada para realizar manutenção corretiva, para corrigir defeitos apresentados na parte elétrica dos prédios públicos mu;10/05/2021;26/05/2021;;N;Art. 24, II, Lei 8666/93;1827.0;0.10023591375432052
000074/21;74.0;DISPENSA;21;32;Homologada  ;26/05/2021;8920.67;7932.0;Aquisição de 2 (dois) ares condicionados para atender as necessidades do setor Administrativo do Município de Riolândia-SP, conforme especificações té;06/05/2021;26/05/2021;;N;Art. 24, II, Lei 8666/93;988.6700000000001;0.11082911933744888
000073/21;73.0;DISPENSA;21;31;Homologada  ;25/05/2021;17520.0;16800.0;Contratação de empresa especializada em ministrar aulas de dança de salão para o público da melhor Idade, pelo período de 12 (doze) meses.;04/05/2021;25/05/2021;;N;Art. 24, II, Lei 8666/93;720.0;0.0410958904109589
000072/21;72.0;DISPENSA;21;30;Homologada  ;20/05/2021;1133.4;1133.4;Contratação de empresa especializada na prestação de serviços, para realizar troca de óleo, filtros, balanceamento, alinhamento e revisão completa no ;18/05/2021;20/05/2021;;N;Art. 24, II, Lei 8666/93;0.0;0.0
000071/21;71.0;PREGÃO PRESENCIAL;21;27;Homologada  ;08/06/2021;1611805.18;826683.71;Registro de preço para eventual aquisição de gêneros de consumo e utensílios para atendimento às necessidades do serviço de diversos setores da prefei;14/05/2021;08/06/2021;;S;;785121.47;0.4871069281462416
000070/21;70.0;DISPENSA;21;29;Homologada  ;19/05/2021;77700.0;70300.0;Aquisição de recargas de oxigênio medicinal, que se faz necessário para atender a demanda do Setor de Saúde do município de Riolândia-SP.;30/04/2021;19/05/2021;;N;Art. 75, VIII, Lei 14.133/2021;7400.0;0.09523809523809523
000069/21;69.0;PREGÃO PRESENCIAL;21;26;Homologada  ;02/06/2021;97696.98;93102.0;Registro de Preço para eventual contratação de empresa especializada na confecção de materiais gráficos para atender a demanda dos diversos setores da;17/05/2021;02/06/2021;;S;;4594.979999999996;0.0470329789109141
000068/21;68.0;PREGÃO PRESENCIAL;21;25;Homologada  ;07/06/2021;375423.33;365409.2;Aquisição de óleo lubrificante, graxa e fluído para freio, para a manutenção da frota de veículos, máquinas e equipamentos dos diversos setores da Pre;20/05/2021;07/06/2021;;N;;10014.130000000005;0.02667423465664748
000067/21;67.0;PREGÃO PRESENCIAL;21;24;Homologada  ;26/05/2021;70510.0;53994.0;A aquisição de ração canina para atender a demanda do canil municipal de Riolândia, com entrega parcelada, pelo período de 12 (doze) meses, conforme e;10/05/2021;26/05/2021;;N;;16516.0;0.23423627854205079
000066/21;66.0;PREGÃO PRESENCIAL;21;23;Homologada  ;25/05/2021;450718.87;417325.92;Contratação de empresa especializada no fornecimento de peças e acessórios e na prestação de serviços de auto elétrica para manutenção preventiva e co;07/05/2021;25/05/2021;;N;;33392.95000000001;0.07408820047849342
000065/21;65.0;DISPENSA;21;28;Homologada  ;11/05/2021;16775.0;16470.0;Contratação de empresa especializada em serviços de limpeza urbana e capina química em vias e logradouros do Município de Riolândia, conforme especifi;20/04/2021;11/05/2021;;N;Art. 24, II, Lei 8666/93;305.0;0.01818181818181818
000064/21;64.0;CONVITE;21;11;Homologada  ;19/05/2021;44400.0;27600.0;Contratação para serviços de divulgação e publicidade dos atos oficiais da Prefeitura Municipal de Riolândia, na imprensa escrita de circulação local ;30/04/2021;19/05/2021;;N;;16800.0;0.3783783783783784
000063/21;63.0;CONVITE;21;10;Homologada  ;17/05/2021;49950.0;47000.0;Contratação de empresa especializada em locação de equipamento de som e propaganda de rua, com fornecimento de mão de obra, para atender a demanda de ;06/05/2021;17/05/2021;;N;;2950.0;0.05905905905905906
000062/21;62.0;DISPENSA;21;27;Homologada  ;05/05/2021;28800.0;17952.0;locação de prédio localizado na situado na Avenida 13, nº 1562, Centro, nesta cidade de Riolândia-SP, destinado ao Banco do Povo, DETRAN e Setor Veter;12/04/2021;05/05/2021;;N;Art. 24, X, Lei 8666/93;10848.0;0.37666666666666665
000061/21;61.0;PREGÃO PRESENCIAL;21;22;Homologada  ;18/05/2021;613279.56;577909.66;Contratação de empresa para aquisição de kits de material escolar, para distribuição aos alunos das escolas municipais de Riolândia-SP, pelo período d;30/04/2021;18/05/2021;;N;;35369.90000000002;0.057673371667563846
000060/21;60.0;CONVITE;21;9;Homologada  ;12/05/2021;53200.0;39600.0;Contratação de empresa especializada na prestação de serviços de assessoria e consultoria educacional e jurídica da área da educação básica do municíp;28/04/2021;12/05/2021;;N;;13600.0;0.2556390977443609
000059/21;59.0;DISPENSA;21;26;Homologada  ;30/04/2021;13061.0;11410.0;Contratação de empresa especializada em fornecimento de peças e mão de obra para manutenção de veículos do setor da Saúde e Rodoviário da Prefeitura M;02/04/2021;30/04/2021;;N;Art. 24, I, Lei 8666/93;1651.0;0.12640686011790828
000058/21;58.0;PREGÃO PRESENCIAL;21;21;Homologada  ;12/05/2021;125360.0;114900.0;A presente requisição tem por objeto à aquisição de 02 (dois) veículos 0 km, destinados ao uso do Setor da Saúde doa Prefeitura Municipal de Riolândia;23/04/2021;12/05/2021;;N;;10460.0;0.08343969368219528
000057/21;57.0;PREGÃO PRESENCIAL;21;20;Homologada  ;10/05/2021;1710178.77;1090019.75;Registro de Preço para aquisição de materiais de expediente e papelaria para atender a demanda dos diversos setores da Prefeitura Municipal de Riolând;22/04/2021;11/05/2021;;S;;620159.02;0.36262818301738126
000056/21;56.0;DISPENSA;21;25;Homologada  ;22/04/2021;1350.0;1350.0;locação de imóvel para conceder aluguel social;20/04/2021;22/04/2021;;N;Art. 24, II, Lei 8666/93;0.0;0.0
000055/21;55.0;DISPENSA;21;24;Homologada  ;20/04/2021;27600.0;24000.0;locação de prédio comercial a ser destinado as instalações e funcionamento de um Posto de Saúde Familiar para acolhimento do bairro da baixada do Muni;29/03/2021;20/04/2021;;N;Art. 24, X, Lei 8666/93;3600.0;0.13043478260869565
000054/21;54.0;PREGÃO PRESENCIAL;21;19;Homologada  ;04/05/2021;1907858.3;488209.97;Registro de preço para à aquisição de medicamentos da Relação Municipal de Medicamentos Essenciais (REMUME) e materiais hospitalares, para atender a d;15/04/2021;04/05/2021;;S;;1419648.33;0.7441057493630423
000053/21;53.0;PREGÃO PRESENCIAL;21;18;Homologada  ;30/04/2021;206669.43;140682.1;Registro de preços para Aquisição de gêneros alimentícios não perecíveis para atendimento às necessidades de setores da Administração Pública deste Mu;14/04/2021;30/04/2021;;S;;65987.32999999999;0.31928926305162786
000052/21;52.0;PREGÃO PRESENCIAL;21;17;Homologada  ;29/04/2021;267080.0;220000.0;Registro de preço para contratação de empresa para prestação de serviços de segurança e brigadistas não armados, para atender a necessidade de diverso;13/04/2021;29/04/2021;;N;;47080.0;0.17627677100494235
000051/21;51.0;PREGÃO PRESENCIAL;21;16;Homologada  ;27/04/2021;1917664.2;965095.39;Registro de preço para a aquisição de materiais de higiene e limpeza para atender a demanda dos diversos setores da Prefeitura Municipal de Riolândia,;06/04/2021;27/04/2021;;S;;952568.8099999999;0.4967338963724723
000050/21;50.0;PREGÃO PRESENCIAL;21;15;Homologada  ;26/04/2021;94330.0;89990.0;aquisição de 01 (um) veículo seminovo, destinado ao uso do Gabinete do Prefeito do Município de Riolândia, conforme especificações do Anexo I – Termo ;09/04/2021;26/04/2021;;N;;4340.0;0.04600869288667444
000049/21;49.0;CONVITE;21;8;Homologada  ;22/04/2021;98173.67;92178.0;Contratação de empresa especializada na realização de recuperação, manutenção e funilaria, incluindo fornecimento de peças/acessórios e mão de obra, p;08/04/2021;22/04/2021;;N;;5995.669999999998;0.06107207767622417
000048/21;48.0;CONVITE;21;7;Homologada  ;20/04/2021;86900.0;82800.0;Contratação de empresa especializada em Engenharia de Segurança e Medicina do Trabalho, para aplicação das Normas Regulamentadoras do Ministério do Tr;05/04/2021;20/04/2021;;N;;4100.0;0.047180667433831994
000046/21;46.0;PREGÃO PRESENCIAL;21;14;Classificada;23/04/2021;174080.0;0.0;A presente requisição tem por objeto a aquisição de Kits de Higiene para distribuição aos alunos das escolas municipais de Riolândia-SP, pelo período ;02/04/2021;;;N;;174080.0;1.0
000045/21;45.0;DISPENSA;21;23;Homologada  ;08/04/2021;213600.0;204000.0;Contratação de empresa especializada em serviços médicos, que se faz necessário para atender a demanda do setor de saúde do município de Riolândia-SP,;15/03/2021;08/04/2021;;N;Art. 24, IV, Lei 8666/93;9600.0;0.0449438202247191
000044/21;44.0;CONVITE;21;6;Homologada  ;14/04/2021;80899.08;76539.96;Contratação de empresa especializada em prestação de serviços de manutenções nas áreas verdes e sistemas de lazer em loteamentos, compreendendo, poda,;05/04/2021;20/04/2021;;N;;4359.119999999995;0.053883431060031774
000043/21;43.0;PREGÃO PRESENCIAL;21;13;Em Andamento;20/04/2021;377100.0;0.0;Registro de preço para contratações de clínicas especializadas no tratamento de pessoas com dependência química e outras drogas, em regime de internaç;01/04/2021;;;S;;377100.0;1.0
000042/21;42.0;PREGÃO PRESENCIAL;21;12;Homologada  ;19/04/2021;139465.49;56981.05;aquisição de equipamentos hospitales, visando suprir as necessidades do município de Riolândia, conforme quantidades e especificações contidas no Term;30/03/2021;19/04/2021;;N;;82484.43999999999;0.5914326189224302
000041/21;41.0;PREGÃO PRESENCIAL;21;11;Homologada  ;16/04/2021;501172.41;131719.45;A aquisição de materiais hospitalares para atender a demanda das Unidades Básicas de Saúde e Programas e Projetos da Assistência Social do município d;29/03/2021;16/04/2021;;N;;369452.95999999996;0.7371773717551611
000040/21;40.0;DISPENSA;21;22;Homologada  ;29/03/2021;15935.87;15235.0;Contratação de empresa especializada em fornecimento de uniformes, para atender a demanda do setor da saúde do município de Riolândia/SP, conforme esp;08/03/2021;29/03/2021;;N;Art. 24, II, Lei 8666/93;700.8700000000008;0.04398065496267231
000039/21;39.0;PREGÃO PRESENCIAL;21;10;Homologada  ;13/04/2021;1509248.4;915727.14;Registro de Preços para aquisição de materiais de construção para atender a demanda dos diversos setores da Prefeitura Municipal de Riolândia, com ent;23/03/2021;13/04/2021;;S;;593521.2599999999;0.39325617969845117
000038/21;38.0;TOMADA DE PREÇOS;21;2;Homologada  ;15/04/2021;384761.49;379001.8;Contratação de empresa especializada em obras e serviços de engenharia para recapeamento asfáltico em diversas vias do município de Riolândia-SP, com ;24/03/2021;23/04/2021;;N;;5759.690000000002;0.014969507473318088
000037/21;37.0;CONVITE;21;5;Homologada  ;08/04/2021;175960.0;175440.0;Contratação de empresa especializada na prestação de serviços de assessoria e consultoria, para atender ao Município com atividades técnicas continuad;22/03/2021;08/04/2021;;N;;520.0;0.0029552170947942714
000036/21;36.0;PREGÃO PRESENCIAL;21;9;Homologada  ;09/04/2021;179445.99;158954.5;Aquisição de alimentos não perecíveis para projetos e programas da Assistência Social deste Município de Riolândia/SP, com entrega parcelada, pelo per;24/03/2021;09/04/2021;;N;;20491.48999999999;0.11419307837416702
000035/21;35.0;DISPENSA;21;21;Homologada  ;24/03/2021;20500.0;15000.0;contratação de empresa especializada na prestação de serviços de treinamento e operação de equipamento presencial da equipe de profissionais da saúde,;01/03/2021;24/03/2021;;N;Art. 24, II, Lei 8666/93;5500.0;0.2682926829268293
000034/21;34.0;CONVITE;21;4;Homologada  ;01/04/2021;92574.84;90001.8;contratação de empresa especializada em prestação de serviços de paisagismo e jardinagem, compreendendo, poda, manutenção, conservação, plantio, repla;19/03/2021;01/04/2021;;N;;2573.0399999999936;0.027794160918884588
000033/21;33.0;DISPENSA;21;20;Homologada  ;23/03/2021;20363.28;17600.0;Aquisição de Trator 19 HP para corte de grama, para atender a demanda da Prefeitura Municipal de Riolândia, conforme especificações técnicas e quantid;02/03/2021;23/03/2021;;N;Art. 24, II, Lei 8666/93;2763.279999999999;0.13569916044959354
000032/21;32.0;PREGÃO PRESENCIAL;21;8;Homologada  ;06/04/2021;1350000.0;985100.0;Registro de Preços por lote, para a eventual aquisição de medicamentos não contidos na Relação Municipal de Medicamentos Essenciais (REMUME), objetiva;19/03/2021;06/04/2021;;S;;364900.0;0.2702962962962963
000031/21;31.0;DISPENSA;21;19;Homologada  ;22/03/2021;5388.0;4200.0;Contratação de empresa especializada no serviço de criação de portal para turismo (webdesign) e navegação, bem como desenvolvimento HTML e CMS (Gerenc;25/02/2021;22/03/2021;;N;Art. 24, II, Lei 8666/93;1188.0;0.22048997772828507
000030/21;30.0;CONVITE;21;3;Homologada  ;30/03/2021;106458.03;102211.0;Contratação de empresa especializada na realização de retifica de motor, incluindo fornecimento de peças/acessórios e mão de obra mecânica, para refor;18/03/2021;30/03/2021;;N;;4247.029999999999;0.03989393754515276
000029/21;29.0;PREGÃO PRESENCIAL;21;7;Homologada  ;05/04/2021;144583.2;142600.0;Aquisição de Laticínios para atendimento às necessidades do serviço de Merenda Escolar da Rede Municipal de Ensino e programas vinculados à Assistênci;16/03/2021;05/04/2021;;N;;1983.2000000000116;0.013716669709897218
000027/21;27.0;DISPENSA;21;17;Homologada  ;17/03/2021;27651.25;15000.0;Aquisição de guias de sarjetas pré-moldadas, para atender a demanda do sistema viário da Prefeitura Municipal de Riolândia, conforme especificações té;26/02/2021;17/03/2021;;N;Art. 24, II, Lei 8666/93;12651.25;0.4575290447990597
000026/21;26.0;PREGÃO PRESENCIAL;21;6;Homologada  ;31/03/2021;100304.0;94709.0;Aquisição de refis, toners e cartuchos remanufaturados, para suprir as necessidades de manutenção dos diversos setores da Prefeitura Municipal de Riol;12/03/2021;31/03/2021;;N;;5595.0;0.055780427500398785
000025/21;25.0;DISPENSA;21;16;Homologada  ;16/03/2021;12696.33;12500.0;Contratação de empresa especializada em fornecimento de bomba de infusão, para atender a demanda do setor da saúde do município de Riolândia/SP, confo;05/03/2021;16/03/2021;;N;Art. 24, IV, Lei 8666/93;196.32999999999993;0.015463523711182675
000024/21;24.0;DISPENSA;21;15;Homologada  ;15/03/2021;18200.0;17400.0;Contratação de pessoa jurídica especializada em serviços de assessoria e consultoria na gestão administrativa para alocação de recursos no Orçamento G;25/02/2021;15/03/2021;;N;Art. 24, II, Lei 8666/93;800.0;0.04395604395604396
000023/21;23.0;DISPENSA;21;14;Homologada  ;10/03/2021;10530.0;6120.0;contratação de empresa especializada na prestação de serviços de planejamento e execução de Processo Seletivo Simplificado no município de Riolândia, ;01/03/2021;10/03/2021;;N;Art. 24, II, Lei 8666/93;4410.0;0.4188034188034188
000022/21;22.0;DISPENSA;21;13;Homologada  ;09/03/2021;17831.42;17368.31;Contratação de empresa para fornecimento de peças que necessita o caminhão do setor Rodoviário da prefeitura municipal de Riolândia, para o período de;18/02/2021;09/03/2021;;N;Art. 24, I, Lei 8666/93;463.10999999999694;0.02597157152935644
000021/21;21.0;CONVITE;21;2;Homologada  ;16/03/2021;174873.6;164936.4;contratação de empresa especializada em prestação de serviços de paisagismo na rede municipal de ensino, prédios públicos, saúde e praças desta cidade;04/03/2021;16/03/2021;;N;;9937.200000000012;0.056825043917435286
000020/21;20.0;DISPENSA;21;12;Homologada  ;04/03/2021;15077.7;14733.87;Contratação de empresa para fornecimento de peças que necessita o micro-ônibus do setor da Saúde da prefeitura municipal de Riolândia, pelo período de;17/02/2021;04/03/2021;;N;Art. 24, I, Lei 8666/93;343.8299999999999;0.022803875922720304
000019/21;19.0;PREGÃO PRESENCIAL;21;5;Homologada  ;18/03/2021;210079.16;154000.0;Aquisição de cestas básicas de alimentos para o Fundo Municipal de Assistência e Promoção Social da Prefeitura Municipal de Riolândia, com entrega par;03/03/2021;18/03/2021;;N;;56079.16;0.26694299425035783
000018/21;18.0;DISPENSA;21;11;Homologada  ;03/03/2021;18896.67;17500.0;contratação de serviços de manutenção e instalação de ar condicionado para atendimento às necessidades dos setores da Administração, Saúde e Conselho ;15/02/2021;03/03/2021;;N;Art. 24, II, Lei 8666/93;1396.6699999999983;0.07391090599560655
000017/21;17.0;PREGÃO PRESENCIAL;21;4;Em Andamento;17/03/2021;113333.34;0.0;aquisição de Kits de Higiene para distribuição aos alunos das escolas municipais de Riolândia-SP, pelo período de 1 (um) mês, de acordo com as especif;26/02/2021;;;N;;113333.34;1.0
000016/21;16.0;PREGÃO PRESENCIAL;21;3;Homologada  ;11/03/2021;368416.2;320313.35;aquisição de alimentos perecíveis para projetos e programas da Assistência Social deste Município de Riolândia/SP, com entrega parcelada, pelo período;24/02/2021;11/03/2021;;N;;48102.850000000035;0.13056659832005224
000015/21;15.0;DISPENSA;21;10;Homologada  ;25/02/2021;16304.52;15982.93;Aquisição de materiais odontológicos para atender a demanda do Centro Odontológico Municipal - COM do município de Riolândia, conforme descrições cons;01/02/2021;25/02/2021;;N;Art. 24, IV, Lei 8666/93;321.59000000000015;0.019723978381454968
000014/21;14.0;DISPENSA;21;9;Homologada  ;24/02/2021;16756.44;15630.0;aquisição de 1.000 kits para citologia em base líquida (instrumentos para coleta e armazenamento de amostra, insumos e reagentes necessários para o pr;01/02/2021;24/02/2021;;N;Art. 24, II, Lei 8666/93;1126.4399999999987;0.06722430301424401
000013/21;13.0;DISPENSA;21;8;Homologada  ;23/02/2021;17183.63;17000.0;Contratação de empresa especializada em serviços de limpeza, capina e roçada, para atender a demanda dos logradouros públicos da Prefeitura Municipal ;11/02/2021;23/02/2021;;N;Art. 24, II, Lei 8666/93;183.63000000000102;0.010686333446425523
000012/21;12.0;CONVITE;21;1;Homologada  ;04/03/2021;66004.57;64682.25;contratação de serviços de engenharia para Execução de Fechamento de Aterro Sanitários em Valas, sito à rodovia Waldemar Lopes Ferraz km 574 +100, nes;18/02/2021;04/03/2021;;N;;1322.320000000007;0.020033764328742796
000011/21;11.0;DISPENSA;21;7;Homologada  ;19/02/2021;15717.21;12740.78;aquisição de produtos de higiene e limpeza para atendimento às necessidades dos setores da Administração Pública do Município de Riolândia-SP, conform;29/01/2021;19/02/2021;;N;Art. 24, II, Lei 8666/93;2976.4299999999985;0.18937394104933372
000010/21;10.0;DISPENSA;21;6;Homologada  ;15/02/2021;15060.44;13339.65;aquisição de gêneros alimentícios para atendimento às necessidades de setores da Administração Pública e Merenda Escolar deste Município de Riolândia-;29/01/2021;15/02/2021;;N;Art. 24, II, Lei 8666/93;1720.7900000000009;0.11425894595377033
000009/21;9.0;DISPENSA;21;5;Homologada  ;11/02/2021;16403.57;15744.44;Aquisição de materiais para construção, para atender a demanda da Prefeitura Municipal de Riolândia, conforme especificações técnicas e quantidades co;18/01/2021;11/02/2021;;N;Art. 24, II, Lei 8666/93;659.1299999999992;0.040182106699943924
000008/21;8.0;PREGÃO PRESENCIAL;21;2;Homologada  ;24/02/2021;41548.01;40044.0;contratação de empresa de engenharia especializada na prestação dos serviços de coleta, transporte, tratamento e destinação final dos resíduos dos ser;05/02/2021;24/02/2021;;N;;1504.010000000002;0.03619932699544459
000007/21;7.0;DISPENSA;21;4;Homologada  ;08/02/2021;36637.5;30000.0;Contratação de empresa especializada em fornecimento de testes de COVID-19, para atender a demanda do setor da saúde do município de Riolândia/SP, con;22/01/2021;08/02/2021;;N;Art. 24, II, Lei 8666/93;6637.5;0.1811668372569089
000006/21;6.0;DISPENSA;21;3;Homologada  ;05/02/2021;50300.0;47100.0;contratação de empresa especializada em locação de equipamento de som e propaganda de Rua, com fornecimento de mão de obra, para atender a demanda de ;15/01/2021;05/02/2021;;N;Art. 24, II, Lei 8666/93;3200.0;0.0636182902584493
000005/21;5.0;DISPENSA;21;2;Homologada  ;03/02/2021;14930.0;14600.0;Aquisição de uma câmara para conservação de vacinas para atender as necessidades do Centro de Saúde do Município de Riolândia/SP.;08/01/2021;03/02/2021;;N;Art. 24, II, Lei 8666/93;330.0;0.022103148024112524
000004/21;4.0;TOMADA DE PREÇOS;21;1;Homologada  ;05/03/2021;1112463.33;791736.0;aquisição de materiais didáticos e recursos pedagógicos, para alunos e professores do Ensino Fundamental (6º Ano, 7º Ano, 8º Ano e 9º Ano), matriculad;27/01/2021;05/03/2021;;N;;320727.3300000001;0.2883037322227961
000003/21;3.0;INEXIGIBILIDADE;21;1;Homologada  ;21/01/2021;84000.0;60000.0;PRESTAÇÃO DE SERVIÇOS PROFISSIONAIS DE CONSULTORIA JURÍDICA DE APOIO;11/01/2021;21/01/2021;;N;Art. 25, II, Lei 8666/93;24000.0;0.2857142857142857
000002/21;2.0;DISPENSA;21;1;Homologada  ;25/01/2021;17470.98;17159.25;a aquisição de cestas básicas de alimentos para o Fundo Municipal de Assistência e Promoção Social da Prefeitura Municipal de Riolândia, para continua;13/01/2021;25/01/2021;;N;Art. 24, II, Lei 8666/93;311.72999999999956;0.017842731203401272
000001/21;1.0;PREGÃO PRESENCIAL;21;1;Homologada  ;11/02/2021;401475.1;396770.0;O Registro de Preços para à aquisição de bobinas para sacos de lixo para suprir a demanda de diversos setores da Prefeitura Municipal de Riolândia, co;27/01/2021;11/02/2021;;S;;4705.099999999977;0.011719531298454069
000151/22;151.0;CONVITE;22;24;Homologada  ;27/12/2022;140442.74;140001.49;Contratação de empresa especializada na prestação de serviços especializados de reforma e adaptação, incluido fornecimento de materiais, para implanta;12/12/2022;27/12/2022;;N;;441.25;0.0031418498385890224
000150/22;150.0;DISPENSA;22;53;Homologada  ;07/12/2022;16166.67;15000.0;Contratação de empresa especializada no fornecimento de estrutura técnica e operacional, visando a realização da tradicional festa de Ano Novo do Muni;17/11/2022;07/12/2022;;N;Art. 24, II, Lei 8666/93;1166.67;0.072165139759765
000149/22;149.0;DISPENSA;22;52;Homologada  ;06/12/2022;22370.34;22281.0;Aquisição de eletrodomésticos para distribuição aos contribuintes, através de sorteio a ser realizado pela Prefeitura Municipal de Riolândia, atendend;17/10/2022;06/12/2022;;N;Art. 75, II, Lei 14.133/2021;89.34000000000015;0.003993680918573439
000148/22;148.0;PREGÃO ELETRÔNICO;22;50;Homologada  ;16/12/2022;25664.03;22281.0;Aquisição de Ar Condicionado, Cadeira, Lavadora e Tablet, para atender as necessidades do Setor de Saúde do Município de Riolândia/SP, com entrega par;02/12/2022;16/12/2022;;N;;3383.029999999999;0.13181990513570935
000147/22;147.0;INEXIGIBILIDADE;22;9;Homologada  ;01/12/2022;80000.0;80000.0;Contratação de profissional do setor artístico para realização de show, visando a realização da tradicional festa de Ano Novo do Município de Riolândi;19/10/2022;01/12/2022;;N;Art. 25, III, Lei 8666/93;0.0;0.0
000146/22;146.0;DISPENSA;22;1;Homologada  ;29/12/2022;774978.0;774978.0;Aquisição de gêneros alimentícios diretamente da agricultura familiar e do empreendedor familiar rural, destinados a merenda escolar do Município de R;24/11/2022;29/12/2022;;N;Chamada Publica - Lei Federal 11.947/2009;0.0;0.0
000145/22;145.0;PREGÃO PRESENCIAL;22;49;Homologada  ;08/12/2022;1130510.9;1099700.0;Registro de Preço para eventuais aquisições de kits de materiais escolares, visando a distribuição aos alunos matriculados nas escolas municipais de R;11/11/2022;08/12/2022;;S;;30810.899999999907;0.02725396101886316
000144/22;144.0;DISPENSA;22;51;Homologada  ;07/11/2022;500692.5;495000.0;Contratação de serviços de administração, gerenciamento, emissão e fornecimento de documentos de legitimação - Auxílio Alimentação, na forma de cartão;13/10/2022;07/11/2022;;N;Art. 24, IV, Lei 8666/93;5692.5;0.011369253583786456
000143/22;143.0;DISPENSA;22;50;Homologada  ;07/11/2022;11824.97;10900.0;Contratação de empresa especializada em organização de eventos, para fornecimento e instalação de mesas, cadeiras e itens de decoração, para que seja ;11/10/2022;07/11/2022;;N;Art. 75, II, Lei 14.133/2021;924.9699999999993;0.07822176293047672
000142/22;142.0;DISPENSA;22;49;Homologada  ;07/11/2022;27881.4;25980.0;Aquisição de peças específicas que necessitam os ares-condicionados da escola municipal Maria Aparecida dos Santos Franco do Município de Riolândia-SP;11/10/2022;07/11/2022;;N;Art. 75, II, Lei 14.133/2021;1901.4000000000015;0.06819600163549898
000141/22;141.0;CONVITE;22;23;Homologada  ;17/11/2022;99791.28;101203.0;Contratação de empresa especializada em retífica de motor, visando o fornecimento de peças e mão de obra, para atender as necessidades de diversos veí;24/10/2022;17/11/2022;;N;;-1411.7200000000012;-0.01414672704869605
000140/22;140.0;DISPENSA;22;48;Homologada  ;03/11/2022;20503.2;17256.0;Contratação de empresa especializada em serviços de computação em nuvem, incluindo plataforma de armazenamento de imagens em nuvem em formato White La;10/10/2022;03/11/2022;;N;Art. 24, II, Lei 8666/93;3247.2000000000007;0.15837527800538456
000139/22;139.0;PREGÃO PRESENCIAL;22;48;Homologada  ;16/11/2022;119268.0;110400.0;Contratação de laboratório de análises clínicas ou empresa especializada para, por demanda, realizar exames laboratoriais de pacientes das Unidades Bá;25/10/2022;16/11/2022;;N;;8868.0;0.07435355669584465
000138/22;138.0;DISPENSA;22;47;Homologada  ;25/10/2022;14137.5;12050.0;Contratação de empresa especializada na prestação de serviços de planejamento e execução de Concurso Público no município de Riolândia, conforme espec;11/10/2022;25/10/2022;;N;Art. 24, II, Lei 8666/93;2087.5;0.14765694076038904
000137/22;137.0;INEXIGIBILIDADE;22;8;Homologada  ;20/10/2022;20000.0;20000.0;Contratação de carreta itinerante, estilo salão de beleza, equipada, inclusive com acessibilidade, para realizar serviço social de atendimento profiss;14/10/2022;20/10/2022;;N;Art. 25.  Caput;0.0;0.0
000136/22;136.0;PREGÃO PRESENCIAL;22;47;Homologada  ;08/11/2022;229210.8;147000.0;Registro de Preços em empresa especializada no fornecimento de areia grossa, areia fina, pedra britada 1 e pedrisco, para suprir as necessidades de di;19/10/2022;08/11/2022;;S;;82210.79999999999;0.3586689632425697
000135/22;135.0;PREGÃO PRESENCIAL;22;46;Homologada  ;07/11/2022;167213.0;165650.0;Registro de Preços de clínica veterinária ou hospital veterinário visando à esterilização de animais machos e fêmeas, para controle da população canin;17/10/2022;07/11/2022;;S;;1563.0;0.00934735935603093
000134/22;134.0;DISPENSA;22;46;Homologada  ;10/10/2022;20359.56;16230.0;Contratação de empresa especializada no fornecimento de diversos tipos de brinquedos para atender as necessidades do Fundo Social de Solidariedade de ;27/09/2022;10/10/2022;;N;Art. 24, II, Lei 8666/93;4129.560000000001;0.20283149537612802
000133/22;133.0;PREGÃO PRESENCIAL;22;45;Homologada  ;18/11/2022;259896.85;246522.8;Registro de Preço de empresa especializada no fornecimento de peças e acessórios e na prestação de serviços de mão de obra mecânica, para manutenção p;11/10/2022;18/11/2022;;S;;13374.050000000017;0.0514590692422783
000132/22;132.0;PREGÃO PRESENCIAL;22;44;Homologada  ;28/10/2022;380411.52;370000.0;Contratação de empresa especializada na prestação de serviços no ramo de seguros automotivos, com cobertura contra danos materiais resultantes de sini;11/10/2022;28/10/2022;;N;;10411.520000000019;0.027369097549937545
000131/22;131.0;DISPENSA;22;45;Homologada  ;07/10/2022;19006.0;17500.0;Contratação de empresa especializada em elaboração de conteúdos e ampla divulgação regional, para realizar propaganda institucional do Município de Ri;27/09/2022;07/10/2022;;N;Art. 24, II, Lei 8666/93;1506.0;0.07923813532568663
000130/22;130.0;DISPENSA;22;44;Homologada  ;06/10/2022;35400.0;30000.0;Locação de prédio comercial situado na Avenida 07, nº 1044, Centro, Riolândia/SP, destinado ao uso do Setor de Turismo do Município de Riolândia-SP, p;08/09/2022;06/10/2022;;N;Art. 24, X, Lei 8666/93;5400.0;0.15254237288135594
000129/22;129.0;DISPENSA;22;43;Homologada  ;06/10/2022;19080.71;17044.5;Contratação de empresa especializada em fornecimento de uniformes, para atender a demanda do setor da saúde do município de Riolândia/SP, conforme esp;29/08/2022;06/10/2022;;N;Art. 24, II, Lei 8666/93;2036.2099999999991;0.1067156306028444
000128/22;128.0;DISPENSA;22;42;Homologada  ;05/10/2022;34133.44;23001.6;Contratação de empresa especializada na prestação de serviços de rastreamento, gerenciamento veicular e de velocidade, abrangendo monitoramento via in;02/09/2022;05/10/2022;;N;Art. 75, II, Lei 14.133/2021;11131.840000000004;0.3261271058527943
000127/22;127.0;DISPENSA;22;41;Homologada  ;04/10/2022;16193.33;15400.0;Contratação de serviços de passeio com trenzinho, para atender e proporcionar alegria as crianças do Município de Riolândia/SP, conforme especificaçõe;17/09/2022;04/10/2022;;N;Art. 75, II, Lei 14.133/2021;793.3299999999999;0.048991158705467
000126/22;126.0;DISPENSA;22;40;Homologada  ;01/10/2022;12362.75;11222.0;Contratação de empresa especializada em organização de eventos, para fornecimento e instalação de mesas, cadeiras e itens de decoração, para que seja ;08/09/2022;01/10/2022;;N;Art. 24, II, Lei 8666/93;1140.75;0.09227315928899314
000125/22;125.0;DISPENSA;22;39;Homologada  ;29/09/2022;15464.97;14850.0;Contratação de empresa especializada em fornecimento e instalação de BRIP (braços de iluminação pública), para atender as necessidades das vias públic;12/09/2022;29/09/2022;;N;Art. 24, I, Lei 8666/93;614.9699999999993;0.03976535357003598
000124/22;124.0;CONVITE;22;22;Homologada  ;10/10/2022;30135.68;29530.0;Contratação de empresa especializada no fornecimento de filtros de óleo e combustível, para manutenção de diversos veículos e máquinas da Prefeitura M;22/09/2022;10/10/2022;;N;;605.6800000000003;0.02009843481215623
000123/22;123.0;DISPENSA;22;38;Homologada  ;26/09/2022;33202.63;30611.36;Aquisição de Câmeras (IP Internet Protocol), para atender as necessidades do Município de Riolândia-SP, na forma descritiva e requisitos constantes em;02/09/2022;26/09/2022;;N;Art. 75, II, Lei 14.133/2021;2591.269999999997;0.07804411879420386
000122/22;122.0;DISPENSA;22;37;Homologada  ;27/09/2022;9300.0;7800.0;Contratação de Empresa para prestação de serviços de apoio técnico junto ao departamento de tributos do Município, destinados para implantação de ferr;01/09/2022;27/09/2022;;N;Art. 24, II, Lei 8666/93;1500.0;0.16129032258064516
000121/22;121.0;DISPENSA;22;36;Homologada  ;26/09/2022;53460.48;51240.0;Aquisição de medicações manipuladas, para atender as necessidades das Unidades Básicas de Saúde do Município de Riolândia/SP, pelo período de 12 (doze;05/09/2022;26/09/2022;;N;Art. 75, II, Lei 14.133/2021;2220.480000000003;0.04153498060623479
000120/22;120.0;DISPENSA;22;35;Homologada  ;21/09/2022;20692.6;20474.05;Contratação de empresa especializada em serviços de combate e prevenção a incêndio, para atender as necessidades do Centro Comunitário e Quadra do Mun;01/09/2022;21/09/2022;;N;Art. 24, I, Lei 8666/93;218.54999999999927;0.010561746711384712
000119/22;119.0;PREGÃO PRESENCIAL;22;43;Homologada  ;29/09/2022;741367.76;307499.09;Registro de preço para eventual aquisição de gêneros de consumo e utensílios, para atendimento às necessidades dos serviços de diversos setores da Pre;09/09/2022;29/09/2022;;S;;433868.67;0.5852273236160148
000118/22;118.0;TOMADA DE PREÇOS;22;12;Homologada  ;30/09/2022;277774.81;277774.81;Contratação de empresa especializada em serviços de pavimentação/recapeamento do pavimento de vias públicas, calçadas e sinalização viária, no municíp;08/09/2022;30/09/2022;;N;;0.0;0.0
000117/22;117.0;TOMADA DE PREÇOS;22;11;Homologada  ;30/09/2022;524965.71;524965.71;Contratação de empresa especializada em serviços de pavimentação/recapeamento do pavimento de vias públicas, calçadas e sinalização viária, no municíp;08/09/2022;30/09/2022;;N;;0.0;0.0
000116/22;116.0;TOMADA DE PREÇOS;22;10;Homologada  ;30/09/2022;654663.08;654663.08;Contratação de empresa especializada em serviços de pavimentação/recapeamento do pavimento de vias públicas, calçadas e sinalização viária, no municíp;08/09/2022;30/09/2022;;N;;0.0;0.0
000115/22;115.0;TOMADA DE PREÇOS;22;9;Homologada  ;28/09/2022;527573.91;527573.91;CONTRATAÇÃO DE EMPRESA ESPECIALIZADA EM SERVIÇOS DE PAVIMENTAÇÃO/RECAPEAMENTO DO PAVIMENTO DE VIAS PÚBLICAS, CALÇADAS E SINALIZAÇÃO VIÁRIA, NO MUNICÍP;02/09/2022;28/09/2022;;N;;0.0;0.0
000114/22;114.0;PREGÃO PRESENCIAL;22;42;Homologada  ;23/09/2022;1181985.2;812809.6;Registro de Preço para aquisição de materiais hospitalares, para atender a demanda das Unidades Básicas de Saúde do Município de Riolândia-SP, com ent;05/09/2022;23/09/2022;;S;;369175.6;0.3123352136727262
000113/22;113.0;TOMADA DE PREÇOS;22;8;Homologada  ;27/09/2022;1000430.95;990446.56;CONTRATAÇÃO DE EMPRESA ESPECIALIZADA EM SERVIÇOS DE PAVIMENTAÇÃO/RECAPEAMENTO DO PAVIMENTO DE VIAS PÚBLICAS, CALÇADAS E SINALIZAÇÃO VIÁRIA, NO MUNICÍP;01/09/2022;27/09/2022;;N;;9984.389999999898;0.00998008908061061
000112/22;112.0;PREGÃO PRESENCIAL;22;41;Homologada  ;19/09/2022;724005.1;423543.1;Registro de Preço para aquisição futura e parcelada de leites especiais e suplementos alimentares, tendo em vista crianças e adultos com diversos prob;30/08/2022;19/09/2022;;S;;300462.0;0.4149998390895313
000111/22;111.0;DISPENSA;22;34;Homologada  ;31/08/2022;19898.78;19012.43;Contratação de empresa especializada em serviços de montagem de estrutura metálica, para atender as necessidades do estádio municipal de Riolândia-SP,;03/08/2022;31/08/2022;;N;Art. 24, I, Lei 8666/93;886.3499999999985;0.04454293177772701
000110/22;110.0;INEXIGIBILIDADE;22;7;Homologada  ;31/08/2022;30000.0;30000.0;Contratação de profissional do setor artístico, para realização de show para as festividades do tradicional “Encontro Nordestino” do Município de Riol;04/08/2022;31/08/2022;;N;Art. 25, III, Lei 8666/93;0.0;0.0
000109/22;109.0;PREGÃO PRESENCIAL;22;40;Homologada  ;14/09/2022;922873.91;860983.5;Registro de Preço de serviços de borracharia para manutenção da frota oficial da Prefeitura Municipal de Riolândia-SP, pelo período de 12 (doze) meses;26/08/2022;14/09/2022;;S;;61890.41000000003;0.0670626933206943
000108/22;108.0;PREGÃO PRESENCIAL;22;39;Homologada  ;15/09/2022;531960.0;294340.52;Registro de Preço de empresa especializada na realização de oficinas de atividades socioeducativas no âmbito dos programas da Assistência Social do mu;01/09/2022;15/09/2022;;S;;237619.47999999998;0.4466867433641627
000107/22;107.0;PREGÃO PRESENCIAL;22;38;Homologada  ;16/09/2022;224514.19;85093.79;Registro de Preço para aquisição futura e parcelada de materiais e medicamentos odontológicos, para atender a atenção básica a saúde bucal do Municípi;23/08/2022;16/09/2022;;S;;139420.40000000002;0.6209870298175809
000106/22;106.0;DISPENSA;22;33;Homologada  ;23/08/2022;14199.9;11700.0;Aquisição de bancos de concreto para instalação nas praças públicas do Município de Riolândia/SP, conforme especificações técnicas e quantidades conti;10/08/2022;23/08/2022;;N;Art. 24, II, Lei 8666/93;2499.8999999999996;0.17605053556715186
000105/22;105.0;PREGÃO PRESENCIAL;22;37;Homologada  ;06/09/2022;577672.7;514803.5;Registro de Preços para a aquisição de gêneros alimentícios não perecíveis para atendimento às necessidades do serviço de merenda escolar da Rede Muni;24/08/2022;06/09/2022;;S;;62869.19999999995;0.10883186967291333
000104/22;104.0;PREGÃO PRESENCIAL;22;36;Homologada  ;05/09/2022;188335.15;175310.8;Registro de Preço para eventual aquisição de material gráfico para atender a demanda de diversos setores da Prefeitura Municipal de Riolândia-SP, com ;18/08/2022;05/09/2022;;S;;13024.350000000006;0.06915517363593576
000103/22;103.0;CONVITE;22;21;Homologada  ;30/08/2022;162626.67;156240.0;Contratação de empresa especializada no fornecimento de peças/acessórios e mão de obra, para manutenção de quatro Pás Carregadeiras, uma Retroescavade;18/08/2022;30/08/2022;;N;;6386.670000000013;0.03927197181126572
000101/22;101.0;DISPENSA;22;32;Homologada  ;08/08/2022;16183.33;15900.0;Aquisição de uma geladeira frigorífica para conservação de alimentos, para atender as necessidades da Cozinha Piloto do Município de Riolândia/SP, con;15/07/2022;08/08/2022;;N;Art. 24, II, Lei 8666/93;283.3299999999999;0.017507521628737716
000100/22;100.0;DISPENSA;22;31;Homologada  ;08/08/2022;31360.0;30500.18;Contratação de empresa especializada no fornecimento e montagem de alambrado, para atender as necessidades da Quadra poliesportiva Dona Eva do Municíp;26/07/2022;08/08/2022;;N;Art. 24, I, Lei 8666/93;859.8199999999997;0.027417729591836724
000099/22;99.0;PREGÃO PRESENCIAL;22;35;Homologada  ;19/08/2022;463760.0;400000.0;Registro de preço para eventual aquisição de livros escolares, para distribuição aos alunos matriculados nas escolas municipais do Município de Riolân;29/07/2022;19/08/2022;;S;;63760.0;0.13748490598585475
000098/22;98.0;PREGÃO PRESENCIAL;22;34;Homologada  ;17/08/2022;7931500.0;7852185.0;Registro de preço para a aquisição de combustíveis para abastecimento direto da frota municipal, através de postos de serviços, pelo período 12 (doze);04/08/2022;17/08/2022;;S;;79315.0;0.01
000097/22;97.0;DISPENSA;22;30;Homologada  ;22/07/2022;18547.2;17400.0;Locação de trator, incluso motorista e auxiliares, para aplicação de herbicidas no Município de Riolândia/SP, conforme especificações técnicas e quant;07/07/2022;22/07/2022;;N;Art. 24, II, Lei 8666/93;1147.2000000000007;0.06185300207039341
000096/22;96.0;PREGÃO PRESENCIAL;22;33;Homologada  ;10/08/2022;714003.7;708000.0;Registro de Preço para aquisição de óleo lubrificante, graxa e fluído para freio, para a manutenção da frota de veículos, máquinas e equipamentos dos ;22/07/2022;10/08/2022;;S;;6003.699999999953;0.008408499843908308
000095/22;95.0;PREGÃO PRESENCIAL;22;32;Homologada  ;09/08/2022;187904.01;185056.74;Contratação de empresa para fornecimento da licença de uso de software por prazo determinado, com atualização mensal, que garanta as alterações legais;25/07/2022;09/08/2022;;N;;2847.2700000000186;0.015152789980373588
000094/22;94.0;PREGÃO PRESENCIAL;22;31;Homologada  ;05/08/2022;57537.62;35988.1;Registro de Preço para aquisição de medicamentos e produtos de uso veterinário, para atender a demanda do Canil Municipal de Riolândia-SP, com entrega;18/07/2022;05/08/2022;;S;;21549.520000000004;0.3745292210557198
000093/22;93.0;DISPENSA;22;29;Homologada  ;19/07/2022;14811.34;14150.0;Contratação de empresa especializada na prestação de serviços especializada, para manutenção da caçamba e troca de assoalho do Caminhão Compactador pe;01/07/2022;19/07/2022;;N;Art. 24, II, Lei 8666/93;661.3400000000001;0.044650922873960094
000092/22;92.0;PREGÃO PRESENCIAL;22;30;Homologada  ;04/08/2022;700189.44;665580.0;Registro de Preço para fornecimento de Oxigênio Medicinal em sistema de comodato dos cilindros, para atender os pacientes da Rede Básica de Saúde do M;13/07/2022;04/08/2022;;S;;34609.439999999944;0.04942868032971184
000091/22;91.0;PREGÃO PRESENCIAL;22;29;Homologada  ;02/08/2022;1786902.2;1237773.24;Registro de Preço para aquisição de materiais de expediente e papelaria para atender a demanda dos diversos setores da Prefeitura Municipal de Riolând;12/07/2022;02/08/2022;;S;;549128.96;0.3073077866264869
000090/22;90.0;DISPENSA;22;28;Homologada  ;15/07/2022;21180.88;19130.0;Aquisição de 1.000 kits para citologia em base líquida (instrumentos para coleta e armazenamento de amostra, insumos e reagentes necessários para o pr;01/07/2022;15/07/2022;;N;Art. 75, II, Lei 14.133/2021;2050.880000000001;0.09682694958849684
000089/22;89.0;CONVITE;22;20;Homologada  ;25/07/2022;51370.65;47984.0;Contratação de empresa especializada em serviços de retirada e aplicação de insufilm, fornecimento de peças, limpeza e manutenção preventiva de ar con;11/07/2022;25/07/2022;;N;;3386.6500000000015;0.0659257766837679
000088/22;88.0;DISPENSA;22;27;Homologada  ;12/07/2022;14593.33;13880.0;Aquisição de equipamento “Turbilhão”, para atender as necessidades do Centro de Fisioterapia do Município de Riolândia/SP, com entrega imediata, confo;01/07/2022;12/07/2022;;N;Art. 24, II, Lei 8666/93;713.3299999999999;0.04888055022397218
000087/22;87.0;CONVITE;22;19;Homologada  ;20/07/2022;42700.0;40000.0;Contratação de empresa especializada no fornecimento de estrutura técnica e operacional para realização da tradicional “Festa do Peão” do Município de;12/07/2022;20/07/2022;;N;;2700.0;0.06323185011709602
000086/22;86.0;CONVITE;22;18;Homologada  ;20/07/2022;46627.66;44231.0;Contratação de empresa especializada no fornecimento de peças/acessórios e mão de obra, para manutenção de uma Van, dois Ônibus e três Micro-ônibus da;01/07/2022;20/07/2022;;N;;2396.6600000000035;0.051399963026238144
000085/22;85.0;PREGÃO PRESENCIAL;22;28;Homologada  ;21/07/2022;430198.32;320239.65;Registro de Preço para aquisição de gêneros alimentícios perecíveis e não perecíveis, para atendimento às necessidades de diversos setores da Administ;01/07/2022;21/07/2022;;S;;109958.66999999998;0.25559995213370423
000084/22;84.0;PREGÃO PRESENCIAL;22;27;Homologada  ;19/07/2022;641024.68;449477.0;Registro de Preço para aquisição de alimentos perecíveis e não perecíveis, para projetos e programas da Assistência Social do Município de Riolândia/S;01/07/2022;19/07/2022;;S;;191547.68000000005;0.2988148287831914
000083/22;83.0;CONVITE;22;17;Homologada  ;11/07/2022;90696.04;80435.0;Contratação de empresa especializada na confecção e correta instalação de faixas, banner em lona e adesivos de vinil, com impressão digital, colorida ;23/06/2022;11/07/2022;;N;;10261.039999999994;0.11313658236897657
000082/22;82.0;CONVITE;22;16;Homologada  ;08/07/2022;41715.0;39945.0;Contratação de empresa especializada na prestação de serviços especializados de elaboração de Projetos Executivos (incluindo memorial descritivo da ob;27/06/2022;08/07/2022;;N;;1770.0;0.042430780294857966
000081/22;81.0;DISPENSA;22;26;Homologada  ;27/06/2022;14556.0;11388.0;Contratação de empresa especializada em locação de equipamento de informática do tipo “servidor” seminovo, para atender as necessidades da Prefeitura ;01/06/2022;27/06/2022;;N;Art. 24, II, Lei 8666/93;3168.0;0.21764220939818632
000080/22;80.0;PREGÃO PRESENCIAL;22;26;Homologada  ;13/07/2022;558106.58;521497.35;Registro de Preço de empresa especializada no fornecimento de peças e acessórios e na prestação de serviços de auto elétrica, para manutenção preventi;22/06/2022;13/07/2022;;S;;36609.22999999998;0.06559541010966038
000079/22;79.0;INEXIGIBILIDADE;22;6;Homologada  ;27/06/2022;62500.0;62500.0;Contratação de profissional do setor artístico, para realização de show para as festividades da tradicional “Festa do Peão” do Município de Riolândia-;06/06/2022;27/06/2022;;N;Art. 25, III, Lei 8666/93;0.0;0.0
000078/22;78.0;INEXIGIBILIDADE;22;5;Homologada  ;27/06/2022;85000.0;85000.0;Contratação de profissional do setor artístico, para realização de show para as festividades da tradicional “Festa do Peão” do Município de Riolândia-;06/06/2022;27/06/2022;;N;Art. 25, III, Lei 8666/93;0.0;0.0
000077/22;77.0;CONVITE;22;15;Homologada  ;30/06/2022;225283.36;221928.3;Contratação de empresa especializada na prestação de serviços para a reforma do Centro de Múltiplo Uso do Município de Riolândia-SP, conforme especifi;21/06/2022;30/06/2022;;N;;3355.0599999999977;0.014892622340149746
000076/22;76.0;CONVITE;22;14;Homologada  ;30/06/2022;189345.84;186868.0;Contratação de empresa especializada no fornecimento e instalação de luminária de LED na Avenida 11 do Município de Riolândia-SP, conforme especificaç;21/06/2022;30/06/2022;;N;;2477.8399999999965;0.013086318664302297
000075/22;75.0;PREGÃO PRESENCIAL;22;25;Homologada  ;05/07/2022;241809.99;224700.0;Aquisição de 03 (três) veículos 0 Km, para atender as necessidades do Setor de Saúde e do Setor Administrativo da Prefeitura Municipal de Riolândia/SP;15/06/2022;05/07/2022;;N;;17109.98999999999;0.07075799473793448
000074/22;74.0;CONVITE;22;13;Homologada  ;29/06/2022;266200.36;264599.99;Contratação de empresa especializada na prestação de serviços de execução de acessibilidade em calçadas das áreas centrais e de unidades de saúde do M;20/06/2022;29/06/2022;;N;;1600.3699999999953;0.006011900209300977
000073/22;73.0;PREGÃO PRESENCIAL;22;24;Homologada  ;04/07/2022;177412.99;176011.0;Registro de preços de empresa especializada no fornecimento de toners e cartuchos, para suprir as necessidades de diversos setores da Prefeitura Munic;15/06/2022;04/07/2022;;S;;1401.9899999999907;0.007902408949874476
000072/22;72.0;DISPENSA;22;25;Homologada  ;20/06/2022;7933.33;6800.0;Contratação de empresa especializada na prestação de serviços de planejamento e execução de Processo Seletivo Simplificado no município de Riolândia, ;01/06/2022;20/06/2022;;N;Art. 24, II, Lei 8666/93;1133.33;0.1428567827129339
000071/22;71.0;DISPENSA;22;24;Homologada  ;10/06/2022;7891.2;7704.0;Aquisição de tela de arame galvanizado fio nº 12 BWG, malha de 2’ (alambrado), para atender as necessidades do Canil Municipal do Município de Riolând;02/06/2022;10/06/2022;;N;Art. 24, II, Lei 8666/93;187.19999999999982;0.023722627737226255
000070/22;70.0;PREGÃO PRESENCIAL;22;23;Homologada  ;30/06/2022;78876.04;75338.0;Aquisição de ração canina para atender a demanda do canil municipal de Riolândia/SP, com entrega parcelada pelo período de 12 (doze) meses, conforme e;10/06/2022;30/06/2022;;N;;3538.0399999999936;0.044855700159389264
000069/22;69.0;CONVITE;22;12;Homologada  ;24/06/2022;75968.08;69717.0;Contratação de empresa especializada no fornecimento de peças/acessórios e mão de obra, para manutenção de Micro-Ônibus e Caminhão pertencentes ao Set;07/06/2022;24/06/2022;;N;;6251.080000000002;0.0822856125888663
000068/22;68.0;PREGÃO ELETRÔNICO;22;22;Homologada  ;28/06/2022;193338.6;146049.0;Aquisição de materiais hospitalares para atender a demanda das Unidades Básicas de Saúde e Programas do Município de Riolândia/SP, em razão da pandemi;07/06/2022;28/06/2022;;N;;47289.600000000006;0.24459471621290318
000067/22;67.0;PREGÃO PRESENCIAL;22;21;Homologada  ;23/06/2022;236854.0;213408.0;O registro de preços para a contratação de empresa especializada no fornecimento de produtos de panificação, para suprir as necessidades dos diversos ;27/05/2022;23/06/2022;;S;;23446.0;0.09898925076207284
000066/22;66.0;DISPENSA;22;23;Homologada  ;03/06/2022;13960.0;13550.0;Contratação de empresa especializada em fornecimento de motor novo completo, incluída instalação, para o Trator Murray Trapp 18.5 HP do setor do Espor;12/05/2022;03/06/2022;;N;Art. 24, II, Lei 8666/93;410.0;0.029369627507163324
000065/22;65.0;PREGÃO PRESENCIAL;22;20;Homologada  ;22/06/2022;4184194.18;1523465.39;O registro de preço para aquisição de materiais de higiene e limpeza para atender a demanda dos diversos setores da Prefeitura Municipal de Riolândia,;01/06/2022;22/06/2022;;S;;2660728.79;0.63589993091573
000064/22;64.0;DISPENSA;22;22;Homologada  ;02/06/2022;10865.0;10865.0;Contratação de empresa especializada no fornecimento de assinatura de ferramenta de pesquisa e comparação de preços praticados pela Administração Públ;31/05/2022;02/06/2022;;N;Art. 24, II, Lei 8666/93;0.0;0.0
000063/22;63.0;DISPENSA;22;21;Homologada  ;31/05/2022;15399.96;14400.0;Contratação de licença de uso de software de gerenciamento de controle de abastecimento de combustíveis para frota municipal, por meio de sistema info;18/05/2022;31/05/2022;;N;Art. 24, II, Lei 8666/93;999.9599999999991;0.06493263618866538
000062/22;62.0;CONVITE;22;11;Homologada  ;09/06/2022;124136.67;123070.0;Contratação de empresa especializada no fornecimento de estrutura técnica e operacional para realização dos shows do tradicional Juninão do Município ;30/05/2022;09/06/2022;;N;;1066.6699999999983;0.00859270673202365
000061/22;61.0;DISPENSA;22;20;Homologada  ;27/05/2022;26833.33;19000.0;Contratação de empresa especializada em elaboração de projetos de engenharia, constando quantitativos de material, planilha orçamentária, memória de c;20/04/2022;27/05/2022;;N;Art. 24, I, Lei 8666/93;7833.330000000002;0.29192537787892897
000060/22;60.0;INEXIGIBILIDADE;22;4;Homologada  ;30/05/2022;70000.0;70000.0;Contratação de profissional do setor artístico para realização de show para as festividades do tradicional Juninão do Município de Riolândia-SP, que o;05/05/2022;30/05/2022;;N;Art. 25, III, Lei 8666/93;0.0;0.0
000059/22;59.0;PREGÃO PRESENCIAL;22;19;Homologada  ;14/06/2022;2392604.06;1689021.89;O registro de preço para aquisição de materiais de construção, para atender a demanda dos diversos setores da Prefeitura Municipal de Riolândia/SP, co;23/05/2022;15/06/2022;;S;;703582.1700000002;0.29406544181823385
000058/22;58.0;PREGÃO PRESENCIAL;22;18;Homologada  ;09/06/2022;119666.9;113720.0;Contratação de empresa especializada na prestação de serviços de locação, incluída instalação e retirada, de tendas para atender as necessidades de di;19/05/2022;09/06/2022;;N;;5946.899999999994;0.04969544627628855
000057/22;57.0;CONVITE;22;10;Homologada  ;02/06/2022;91399.44;84000.0;Contratação de empresa especializada na prestação de serviços de assessoria de imprensa, comunicação institucional e de serviços editoriais, para prom;20/05/2022;02/06/2022;;N;;7399.440000000002;0.08095716997828435
000056/22;56.0;INEXIGIBILIDADE;22;3;Homologada  ;24/05/2022;15000.0;15000.0;Contratação de Banda Artística para realização de show para as festividades do tradicional Juninão do Município de Riolândia-SP, que ocorrerá na Praça;02/05/2022;24/05/2022;;N;Art. 25, III, Lei 8666/93;0.0;0.0
000054/22;54.0;CONVITE;22;9;Homologada  ;01/06/2022;71510.97;69365.85;Contratação de empresa especializada na prestação de serviços especializados em rede elétrica de baixa tensão, para realizar em diversos ambientes e p;16/05/2022;01/06/2022;;N;;2145.1199999999953;0.029997075973098888
000053/22;53.0;PREGÃO PRESENCIAL;22;17;Homologada  ;03/06/2022;256462.5;187000.0;Aquisição de cestas básicas de alimentos para atender a demanda do Fundo Municipal de Assistência e Promoção Social da Prefeitura Municipal de Riolând;11/05/2022;03/06/2022;;N;;69462.5;0.27084856460496176
000050/22;50.0;INEXIGIBILIDADE;22;2;Homologada  ;13/05/2022;80000.0;80000.0;Contratação de profissional do setor artístico para realização de show para as festividades do tradicional Juninão do Município de Riolândia-SP, que o;06/04/2022;13/05/2022;;N;Art. 25, III, Lei 8666/93;0.0;0.0
000049/22;49.0;PREGÃO PRESENCIAL;22;16;Homologada  ;31/05/2022;5129032.1;1679591.8;O registro de preço para aquisição de medicamentos da Relação Municipal de Medicamentos Essenciais (REMUME), para atender a demanda das unidades básic;12/05/2022;31/05/2022;;S;;3449440.3;0.6725324062604326
000048/22;48.0;CONVITE;22;8;Homologada  ;26/05/2022;105920.0;77438.0;Contratação de empresa especializada na prestação de serviços especializados de pintura, para realizar no Ginásio de Esportes, Praça do C.E.O., Praça ;11/05/2022;26/05/2022;;N;;28482.0;0.2689010574018127
000047/22;47.0;DISPENSA;22;19;Homologada  ;16/05/2022;13000.0;12200.0;Contratação de empresa especializada no fornecimento de madeiras especificas para construção de palanque na Praça Nossa Senhora Aparecida do Município;29/04/2022;16/05/2022;;N;Art. 24, II, Lei 8666/93;800.0;0.06153846153846154
000046/22;46.0;DISPENSA;22;18;Homologada  ;13/05/2022;22831.28;21935.57;Aquisição de estrutura metálica (parafuso, chapa, barra chata, cantoneira, bobina galvalume e barra chata) para instalação e manutenção da cobertura d;01/04/2022;13/05/2022;;N;Art. 75, II, Lei 14.133/2021;895.7099999999991;0.03923170317213924
000045/22;45.0;DISPENSA;22;17;Homologada  ;12/05/2022;29055.14;22381.6;Aquisição de diversas tintas especiais e materiais para aplicação dessas, para revitalização das quadras esportivas do Município de Riolândia-SP, na f;06/04/2022;12/05/2022;;N;Art. 75, II, Lei 14.133/2021;6673.540000000001;0.229685349993151
000044/22;44.0;CONVITE;22;7;Homologada  ;20/05/2022;56810.52;56192.07;Contratação de empresa especializada em fornecimento e instalação de paredes de gesso, estruturas de alumínio, espelhos, portas sanfonadas/alumínio/vi;02/05/2022;20/05/2022;;N;;618.4499999999971;0.010886187980676768
000043/22;43.0;PREGÃO ELETRÔNICO;22;15;Homologada  ;24/05/2022;102179.86;74147.0;Aquisição de móveis, eletrodomésticos, equipamentos e utensílios, para implantação do Projeto “Cozinhalimento” no município de Riolândia/SP, conforme ;02/05/2022;24/05/2022;;N;;28032.86;0.2743481934698286
000042/22;42.0;PREGÃO ELETRÔNICO;22;14;Homologada  ;18/05/2022;225403.3;38055.0;Aquisição de materiais hospitalares para atender a demanda das Unidades Básicas de Saúde e Programas do município de Riolândia, em razão da pandemia p;29/04/2022;18/05/2022;;N;;187348.3;0.8311692863414156
000041/22;41.0;PREGÃO PRESENCIAL;22;13;Homologada  ;16/05/2022;222194.0;202370.0;Aquisição de laticínios para atendimento às necessidades do serviço de Merenda Escolar da Rede Municipal de Ensino e programas vinculados à Assistênci;27/04/2022;16/05/2022;;N;;19824.0;0.08921933085501858
000040/22;40.0;PREGÃO PRESENCIAL;22;12;Homologada  ;11/05/2022;1800000.0;1800000.0;Aquisição de medicamentos não contidos na Relação Municipal de Medicamentos Essenciais (REMUME), objetivando o maior percentual de desconto sobre a ta;25/04/2022;11/05/2022;;S;;0.0;0.0
000039/22;39.0;CONVITE;22;6;Homologada  ;03/05/2022;128825.03;118255.8;Contratação de empresa especializada na realização de recuperação, manutenção e funilaria, incluindo fornecimento de peças/acessórios e mão de obra, p;13/04/2022;03/05/2022;;N;;10569.229999999996;0.0820432954682797
000038/22;38.0;PREGÃO PRESENCIAL;22;10;Homologada  ;04/05/2022;711425.0;598450.0;Registro de Preço para aquisição de bobinas de sacos de lixo para suprir a demanda de diversos setores da Prefeitura Municipal de Riolândia, com entre;07/04/2022;04/05/2022;;S;;112975.0;0.1588009979969779
000037/22;37.0;TOMADA DE PREÇOS;22;4;Homologada  ;29/04/2022;690454.7;690454.7;CONTRATAÇÃO DE EMPRESA ESPECIALIZADA EM CONSTRUÇÃO DE UM PONTO DE APOIO PARA ATENDIMENTO À SAÚDE NO MUNICÍPIO DE RIOLÂNDIA/SP, COM FORNECIMENTO DE MÃO;06/04/2022;29/04/2022;;N;;0.0;0.0
000036/22;36.0;DISPENSA;22;16;Homologada  ;08/04/2022;13384.42;12545.5;Contratação de empresa especializada para fornecimento de peças/acessórios que necessitam os Tratores do setor de Agricultura e Abastecimento da Prefe;18/02/2022;08/04/2022;;N;Art. 24, II, Lei 8666/93;838.9200000000001;0.06267884600154508
000035/22;35.0;CONVITE;22;5;Homologada  ;14/04/2022;48117.19;47640.0;Contratação de empresa especializada na prestação de serviços de instalação e manutenção de guias, sarjetas, passeio e calçadas no município de Riolân;22/03/2022;14/04/2022;;N;;477.1900000000023;0.009917245790953343
000034/22;34.0;DISPENSA;22;15;Homologada  ;01/04/2022;17433.33;16800.0;Contratação de empresa para atualizar o Plano Diretor de Turismo de forma imediata e assessorar o desenvolvimento do turismo no município, conforme An;07/02/2022;01/04/2022;;N;Art. 24, II, Lei 8666/93;633.3300000000017;0.0363286876345484
000033/22;33.0;PREGÃO ELETRÔNICO;22;11;Homologada  ;18/04/2022;179108.0;83836.98;Aquisição de diversos medicamentos para atender a demanda das Unidades Básicas de Saúde e Programas do município de Riolândia, especialmente em razão ;29/03/2022;18/04/2022;;N;;95271.02;0.5319194005851219
000032/22;32.0;CONVITE;22;4;Homologada  ;11/04/2022;87221.15;76702.0;Contratação de floricultura para fornecimento e instalação de mudas e itens relacionados, para atender as necessidades de diversos setores do Municípi;28/03/2022;11/04/2022;;N;;10519.149999999994;0.12060320231962081
000031/22;31.0;DISPENSA;22;14;Homologada  ;29/03/2022;53000.0;46000.0;Contratação URGENTE de empresa especializada na operação e execução de serviços de manutenção preventiva e corretiva do sistema de iluminação pública ;21/03/2022;29/03/2022;;N;Art. 24, IV, Lei 8666/93;7000.0;0.1320754716981132
000030/22;30.0;DISPENSA;22;13;Homologada  ;21/03/2022;23458.0;21275.0;Contratação de empresa especializada no fornecimento de ovos de Páscoa, para atender as necessidades do Fundo Social de Solidariedade de Riolândia, co;03/03/2022;24/03/2022;;N;Art. 75, II, Lei 14.133/2021;2183.0;0.09305993690851735
000029/22;29.0;DISPENSA;22;12;Homologada  ;17/03/2022;15776.67;15400.0;Contratação de serviços de passeio com trenzinho, para atender e proporcionar alegria as crianças do Município de Riolândia/SP, conforme especificaçõe;25/02/2022;17/03/2022;;N;Art. 24, II, Lei 8666/93;376.6700000000001;0.023875127007156775
000028/22;28.0;INEXIGIBILIDADE;22;1;Homologada  ;17/03/2022;9750.0;9750.0;Contratação de orquestra de sopros e percussão para realização de apresentação artística para as festividades do Aniversário do Município de Riolândia;04/03/2022;17/03/2022;;N;Art. 25, III, Lei 8666/93;0.0;0.0
000027/22;27.0;DISPENSA;22;11;Homologada  ;17/03/2022;49576.67;49300.0;Contratação de empresa especializada em prestação de serviços de termonebulização (fumacê), conforme especificações técnicas e quantidades contidas no;07/03/2022;17/03/2022;;N;Art. 75, VIII, Lei 14.133/2021;276.66999999999825;0.005580649123872141
000026/22;26.0;DISPENSA;22;10;Homologada  ;16/03/2022;17066.67;16800.0;Aquisição de letreiro para a entrada da cidade, conforme especificações técnicas e quantidades contidas no Anexo I – Termo de Referência.;03/03/2022;16/03/2022;;N;Art. 24, II, Lei 8666/93;266.66999999999825;0.015625192260704537
000025/22;25.0;TOMADA DE PREÇOS;22;3;Homologada  ;01/04/2022;1098137.21;1092431.14;Contratação de empresa especializada em serviços de execução de infraestrutura (recapeamento asfáltico c.b.u.q.) na avenida de entrada da cidade, com ;09/03/2022;01/04/2022;;N;;5706.070000000065;0.005196135736079889
000024/22;24.0;CONVITE;22;3;Homologada  ;23/03/2022;119500.5;111750.0;Contratação de empresa para procedimentos relacionados à confecção de próteses dentárias removíveis para suprir as necessidades do Município de Riolân;07/03/2022;23/03/2022;;N;;7750.5;0.06485746921560998
000023/22;23.0;PREGÃO PRESENCIAL;22;9;Homologada  ;02/05/2022;541149.0;535707.5;Aquisição de kits de materiais escolares para distribuição aos alunos matriculados nas escolas municipais de Riolândia/SP, pelo período de 12 (doze) m;10/03/2022;02/05/2022;;N;;5441.5;0.0100554560758682
000022/22;22.0;DISPENSA;22;9;Homologada  ;08/03/2022;16372.44;15405.0;Aquisição de equipamentos odontológicos para atender a demanda do Centro Odontológico Municipal - COM do município de Riolândia, conforme descrições c;10/02/2022;08/03/2022;;N;Art. 24, II, Lei 8666/93;967.4400000000005;0.05908954315911376
000021/22;21.0;PREGÃO PRESENCIAL;22;8;Homologada  ;23/05/2022;382500.0;360000.0;Contratação de empresa especializada para operação e execução de serviços de manutenção preventiva e corretiva do sistema de iluminação pública e orna;02/03/2022;23/05/2022;;N;;22500.0;0.058823529411764705
000020/22;20.0;PREGÃO PRESENCIAL;22;7;Homologada  ;28/03/2022;1166116.97;683084.63;O Registro de Preços para a Aquisição de equipamentos e materiais de informática, destinados a diversos setores da Prefeitura Municipal de Riolândia, ;25/02/2022;28/03/2022;;S;;483032.33999999997;0.4142228888067721
000019/22;19.0;DISPENSA;22;8;Homologada  ;25/02/2022;22376.75;17500.0;Aquisição de 2 (dois) ares condicionados para atender as necessidades do setor de Transporte e Contabilidade do Município de Riolândia-SP, conforme es;16/01/2022;25/02/2022;;N;Art. 75, II, Lei 14.133/2021;4876.75;0.21793826181192533
000018/22;18.0;DISPENSA;22;7;Homologada  ;25/02/2022;12146.34;10909.15;Contratação de empresa especializada na prestação de serviços relacionados à adequação dos circuitos para o sistema predial da Escola Maria Aparecida ;07/02/2022;25/02/2022;;N;Art. 24, II, Lei 8666/93;1237.1900000000005;0.10185702030405872
000017/22;17.0;PREGÃO PRESENCIAL;22;6;Homologada  ;11/03/2022;238710.0;195600.0;O registro de preços para a contratação de empresa especializada em serviços de solda e torno preventiva e corretiva em veículos, maquinários e mobili;16/02/2022;11/03/2022;;S;;43110.0;0.18059570189770013
000016/22;16.0;DISPENSA;22;6;Homologada  ;17/02/2022;18483.6;17570.0;Aquisição de cadeiras de rodas, para atender as necessidades das Unidades Básicas de Saúde do Município de Riolândia/SP, com entrega imediata, conform;01/02/2022;17/02/2022;;N;Art. 24, II, Lei 8666/93;913.5999999999985;0.04942760068384939
000015/22;15.0;DISPENSA;22;5;Homologada  ;17/02/2022;19053.35;17500.0;Contratação de empresa especializada no fornecimento de cortinas, para atender as necessidades da Creche Antônio Gonçalves e EMEB Ruy Malachias do Mun;27/12/2021;17/02/2022;;N;Art. 24, II, Lei 8666/93;1553.3499999999985;0.08152634576071917
000014/22;14.0;CONVITE;22;2;Homologada  ;03/03/2022;36659.1;33984.5;Contratação de empresa especializada no fornecimento de peças/acessórios e prestação de serviços de mão de obra, para reforma do Micro Ônibus (placa D;10/02/2022;03/03/2022;;N;;2674.5999999999985;0.07295869238470117
000013/22;13.0;DISPENSA;22;4;Homologada  ;10/02/2022;11045.0;9796.0;Contratação de empresa especializada no fornecimento de peças/acessórios e prestação de serviços de mão de obra, para manutenção especifica do câmbio ;05/01/2022;10/02/2022;;N;Art. 24, II, Lei 8666/93;1249.0;0.11308284291534632
000011/22;11.0;PREGÃO PRESENCIAL;22;5;Homologada  ;18/02/2022;5266069.0;4602627.0;O Registro de preço para aquisição de gêneros alimentícios perecíveis para atendimento às necessidades do serviço de merenda escolar da Rede Municipal;01/02/2022;18/02/2022;;S;;663442.0;0.1259842968255828
000010/22;10.0;DISPENSA;22;3;Homologada  ;01/02/2022;13026.67;11000.0;Aquisição de mesas e bancos de pedra de ardósia, para atender a necessidade da Creche Municipal de Riolândia/SP, com entrega imediata, conforme descri;10/01/2022;01/02/2022;;N;Art. 24, II, Lei 8666/93;2026.67;0.1555785169962853
000009/22;9.0;PREGÃO PRESENCIAL;22;4;Homologada  ;15/02/2022;616023.67;580000.0;Aquisição de 01 (um) Caminhão Pipa, para atender a demanda do Setor do Meio Ambiente da Prefeitura Municipal de Riolândia/SP, conforme especificações ;31/01/2022;15/02/2022;;N;;36023.67000000004;0.05847773674021331
000008/22;8.0;PREGÃO PRESENCIAL;22;3;Homologada  ;23/02/2022;146647.8;118665.0;O registro de preço para aquisição de madeiras, para atender a demanda da Prefeitura Municipal de Riolândia, com entrega parcelada pelo período de 12 ;10/02/2022;23/02/2022;;S;;27982.79999999999;0.1908163641050189
000007/22;7.0;PREGÃO PRESENCIAL;22;2;Homologada  ;08/02/2022;233895.0;154500.0;Registro de Preço para aquisição de massa asfáltica fria e usinada a quente, para uso do Departamento de Obras e Serviços Municipais da Prefeitura Mun;24/01/2022;08/02/2022;;S;;79395.0;0.3394471878406978
000006/22;6.0;TOMADA DE PREÇOS;22;2;Homologada  ;16/02/2022;744926.28;744000.0;CONTRATAÇÃO DE EMPRESA PARA REVITALIZAÇÃO DA PRAIA ARTIFICIAL DO MUNICIPIO DE RIOLANDIA/SP (FASE III), COM FORNECIMENTO DE MÃO DE OBRA, MATERIAL E EQU;21/01/2022;22/03/2022;;N;;926.2800000000279;0.0012434519023815725
000005/22;5.0;DISPENSA;22;2;Homologada  ;21/01/2022;1800.0;1350.0;aluguel social pelo período de 3 (três) meses;17/01/2022;21/01/2022;;N;Art. 24, X, Lei 8666/93;450.0;0.25
000004/22;4.0;PREGÃO PRESENCIAL;22;1;Homologada  ;03/02/2022;248381.67;232700.0;Aquisição de 02 (dois) veículos 0 Km, para atender as necessidades do Setor de Saúde e do Gabinete da Prefeitura Municipal de Riolândia/SP, conforme e;20/01/2022;03/02/2022;;N;;15681.670000000013;0.0631353754888596
000003/22;3.0;TOMADA DE PREÇOS;22;1;Homologada  ;14/02/2022;1046548.05;1040000.0;CONTRATAÇÃO DE EMPRESA COM FORNECIMENTO DE MÃO DE OBRA, MATERIAL E EQUIPAMENTOS PARA CONSTRUÇÃO DO ESPAÇO DA SAUDE, NESTE MUNICIPIO DE RIOLANDIA/SP.;19/01/2022;16/03/2022;;N;;6548.050000000047;0.006256807797788211
000002/22;2.0;CONVITE;22;1;Homologada  ;26/01/2022;77400.0;63600.0;CONTRATAÇÃO DE EMPRESA VISANDO A EXECUÇÃO DE SERVIÇOS TÉCNICOS PROFISSIONAIS ESPECIALIZADOS EM ADMINISTRAÇÃO PÚBLICA, EM FAVOR DO ÓRGÃO CONTRATANTE, N;14/01/2022;26/01/2022;;N;;13800.0;0.17829457364341086
000001/22;1.0;DISPENSA;22;1;Homologada  ;14/01/2022;35520.0;35520.0;contratação de empresa especializada no desenvolvimento de atividades para promoção de integração ao mercado de trabalho, de acordo com a Constituição;03/01/2022;14/01/2022;;N;Art. 24, XIII, Lei 8666/93;0.0;0.0
000118/23;118.0;DISPENSA;23;46;Homologada  ;27/12/2023;15966.67;15100.0;Contratação de empresa especializada em locação de banheiros químicos, incluso instalação e retirada, para atender as festividades da tradicional fest;13/12/2023;27/12/2023;;N;Art. 24, II, Lei 8666/93;866.6700000000001;0.054279946914416094
000117/23;117.0;TOMADA DE PREÇOS;23;3;Em Andamento;15/01/2024;622915.31;0.0;CONTRATAÇÃO DE EMPRESA ESPECIALIZADA NA EXECUÇÃO DE OBRAS DE MICRODRENAGEM, PARA ATENDER AS NECESSIDADES DO MUNICÍPIO DE RIOLÂNDIA/SP, COM FORNECIMENT;26/12/2023;;;N;;622915.31;1.0
000116/23;116.0;PREGÃO PRESENCIAL;23;48;Classificada;11/01/2024;716620.8;0.0;Registro de Preço para aquisição futura e parcelada de leites especiais e suplementos alimentares, tendo em vista crianças e adultos com diversos prob;22/12/2023;;;S;;716620.8;1.0
000115/23;115.0;DISPENSA;23;45;Homologada  ;20/12/2023;35520.0;35520.0;Contratação de empresa especializada no desenvolvimento de atividades para promoção da integração ao mercado de trabalho, de acordo com a Constituição;01/12/2023;20/12/2023;;N;Art. 24, XIII, Lei 8666/93;0.0;0.0
000114/23;114.0;DISPENSA;23;44;Homologada  ;15/12/2023;47513.0;45000.0;Aquisição de camas empilháveis infantis, com entrega imediata, para atender a demanda das Creches do Município de Riolândia-SP, conforme descrições co;06/12/2023;15/12/2023;;N;Art. 75, II, Lei 14.133/2021;2513.0;0.05289078778439585
000113/23;113.0;DISPENSA;23;43;Homologada  ;18/12/2023;17666.67;17000.0;Contratação de profissional artístico (dee jay) para apresentação nas festividades da tradicional festa de Ano Novo do Município de Riolândia-SP, que ;01/12/2023;18/12/2023;;N;Art. 24, II, Lei 8666/93;666.6699999999983;0.037736030615843186
000112/23;112.0;DISPENSA;23;42;Homologada  ;08/12/2023;21246.67;19550.0;Aquisição de mesas e bancos de ardósia, incluso correta instalação, para atender as necessidades da EMEB Professora Maria Aparecida dos Santos Franco ;28/11/2023;08/12/2023;;N;Art. 75, II, Lei 14.133/2021;1696.6699999999983;0.07985580799249946
000111/23;111.0;DISPENSA;23;41;Homologada  ;08/12/2023;16716.67;15900.0;Contratação de empresa especializada no fornecimento de estrutura técnica e operacional, visando a realização da tradicional festa de Ano Novo do Muni;29/11/2023;08/12/2023;;N;Art. 24, II, Lei 8666/93;816.6699999999983;0.04885362934125028
000110/23;110.0;PREGÃO PRESENCIAL;23;46;Homologada  ;19/12/2023;261429.99;241440.0;Aquisição de 3 (três) veículos 0 Km, para atender as necessidades do Setor de Saúde da Prefeitura Municipal de Riolândia-SP, com entrega imediata, con;05/12/2023;19/12/2023;;N;;19989.98999999999;0.0764640277115873
000109/23;109.0;INEXIGIBILIDADE;23;11;Homologada  ;05/12/2023;74100.0;74100.0;Contratação de profissional do setor artístico para realização de show para as festividades da tradicional festa de Ano Novo do Município de Riolândia;21/11/2023;05/12/2023;;N;Art. 25, III, Lei 8666/93;0.0;0.0
000108/23;108.0;INEXIGIBILIDADE;23;10;Homologada  ;05/12/2023;50000.0;50000.0;Contratação de profissional do setor artístico para realização de show para as festividades da tradicional festa de Ano Novo do Município de Riolândia;21/11/2023;05/12/2023;;N;Art. 25, III, Lei 8666/93;0.0;0.0
000107/23;107.0;DISPENSA;23;40;Homologada  ;05/12/2023;16430.0;15980.0;Aquisição de massa asfáltica usinada a quente para aplicação a frio, para uso do Departamento de Obras e Serviços Municipais da Prefeitura Municipal d;27/11/2023;05/12/2023;;N;Art. 75, II, Lei 14.133/2021;450.0;0.027388922702373707
000106/23;106.0;PREGÃO PRESENCIAL;23;45;Homologada  ;15/12/2023;1443738.5;1299030.0;Registro de Preço para eventuais aquisições de kits de materiais escolares, visando a distribuição aos alunos matriculados nas escolas municipais de R;23/11/2023;15/12/2023;;S;;144708.5;0.10023179405411714
000105/23;105.0;PREGÃO PRESENCIAL;23;47;Classificada;08/01/2024;702829.32;0.0;Registro de Preço para eventuais aquisições de diversos tipos de materiais e medicamentos odontológicos, para atender a atenção básica a saúde bucal d;18/12/2023;;;S;;702829.32;1.0
000104/23;104.0;PREGÃO PRESENCIAL;23;44;Homologada  ;12/12/2023;245361.11;158150.0;Registro de preços para eventuais aquisições de ares-condicionados, para suprir as necessidades de diversos setores da Prefeitura municipal de Riolând;28/11/2023;12/12/2023;;S;;87211.10999999999;0.3554398249991614
000103/23;103.0;PREGÃO PRESENCIAL;23;43;Homologada  ;11/12/2023;131064.72;115200.0;Contratação de empresa especializada em Engenharia de Segurança e Medicina do Trabalho, para aplicação das Normas Regulamentadoras do Ministério do Tr;22/11/2023;11/12/2023;;N;;15864.720000000001;0.12104493108442914
000102/23;102.0;DISPENSA;23;39;Homologada  ;24/11/2023;69313.18;66528.0;Contratação de empresa especializada em retífica de motor, visando o fornecimento de peças e mão de obra, para atender as necessidades de um caminhão ;30/10/2023;24/11/2023;;N;Art. 75, I, Lei 14.133/2021;2785.179999999993;0.04018254536871621
000101/23;101.0;PREGÃO PRESENCIAL;23;42;Homologada  ;06/12/2023;3088178.15;1857886.67;Registro de preço para eventuais aquisições de diversos tipos de materiais para construção, visando atender a demanda de diversos setores da Prefeitur;21/11/2023;06/12/2023;;S;;1230291.48;0.3983874699715753
000100/23;100.0;PREGÃO ELETRÔNICO (PORTAL DE COMPRAS);23;41;Homologada  ;04/12/2023;785959.2;722630.0;Registro de Preço para aquisição de uniformes escolares, para distribuição aos alunos matriculados nas escolas municipais de Riolândia-SP, pelo períod;21/11/2023;04/12/2023;;S;;63329.19999999995;0.08057568382684491
000099/23;99.0;CONVITE;23;8;Homologada  ;28/11/2023;94878.0;92214.0;Contratação de empresa especializada em serviços de fornecimento de rede de fibra óptica e internet, para atender as necessidades de diversos setores ;14/11/2023;28/11/2023;;N;;2664.0;0.02807816353633087
000098/23;98.0;PREGÃO PRESENCIAL;23;40;Homologada  ;21/11/2023;357999.96;339600.0;Contratação, em regime de empreitada por preço global, de empresa especializada em serviços saúde, para atendimento na Penitenciária “João batista de ;27/10/2023;21/11/2023;;N;;18399.96000000002;0.05139654205547962
000097/23;97.0;DISPENSA;23;38;Homologada  ;01/11/2023;10700.0;9500.0;Contratação de empresa especializada, para elaboração de projeto de urbanismo de construção de praça temática no Município de Riolândia-SP, com aproxi;23/10/2023;01/11/2023;;N;Art. 24, I, Lei 8666/93;1200.0;0.11214953271028037
000096/23;96.0;DISPENSA;23;37;Homologada  ;27/10/2023;38299.97;34750.0;Aquisição de balcão, mesas e bancos de ardósia, incluso instalação, para atender as necessidades da EMEB Prefeito Ruy Malachias Ferreira e EMEI Profª ;18/10/2023;27/10/2023;;N;Art. 75, II, Lei 14.133/2021;3549.970000000001;0.09268858435137159
000095/23;95.0;PREGÃO PRESENCIAL;23;39;Homologada  ;10/11/2023;1060610.9;981506.0;Registro de Preço para eventuais aquisições de diversos tipos de materiais hospitalares, visando atender a demanda das Unidades Básicas de Saúde do Mu;25/10/2023;10/11/2023;;S;;79104.8999999999;0.07458427968258663
000094/23;94.0;DISPENSA;23;36;Homologada  ;24/10/2023;14793.34;14650.0;Aquisição de letreiro e placa em aço inox, para atender as necessidades da nova UBS “Marcos Ferreira de Souza” do Município de Riolândia/SP, conforme ;01/09/2023;24/10/2023;;N;Art. 24, II, Lei 8666/93;143.34000000000015;0.009689495408068776
000093/23;93.0;PREGÃO PRESENCIAL;23;38;Homologada  ;07/11/2023;647429.6;620120.0;Registro de Preço para eventuais aquisições de óleo lubrificante, graxa e fluído para freio, para a manutenção da frota de veículos, máquinas e equipa;20/10/2023;07/11/2023;;S;;27309.599999999977;0.04218157464533592
000092/23;92.0;DISPENSA;23;35;Homologada  ;20/10/2023;10900.0;9900.0;Contratação de empresa especializada, para elaboração de projeto de urbanismo de construção de praça temática no Município de Riolândia-SP, com aproxi;16/10/2023;20/10/2023;;N;Art. 24, I, Lei 8666/93;1000.0;0.09174311926605505
000091/23;91.0;PREGÃO PRESENCIAL;23;37;Homologada  ;01/11/2023;3952991.13;1761035.0;Registro de Preço para eventuais aquisições de materiais de expediente e papelaria, para atender a demanda de diversos setores da Prefeitura Municipal;16/10/2023;01/11/2023;;S;;2191956.13;0.5545057041400444
000090/23;90.0;DISPENSA;23;34;Homologada  ;02/10/2023;25198.9;21464.5;Aquisição de eletrodomésticos para distribuição aos contribuintes, através de sorteio a ser realizado pela Prefeitura Municipal de Riolândia, atendend;28/08/2023;02/10/2023;;N;Art. 75, II, Lei 14.133/2021;3734.4000000000015;0.14819694510474668
000089/23;89.0;PREGÃO PRESENCIAL;23;36;Homologada  ;16/10/2023;174090.6;81110.0;Registro de Preço para eventuais aquisições de madeiras, para atender a demanda da Prefeitura Municipal de Riolândia, com entrega parcelada pelo perío;25/09/2023;16/10/2023;;S;;92980.6;0.5340931675805587
000088/23;88.0;PREGÃO PRESENCIAL;23;35;Homologada  ;05/10/2023;565417.2;481595.0;Registro de Preços para aquisições de gêneros alimentícios não perecíveis, para atendimento às necessidades do serviço de merenda escolar da Rede Muni;20/09/2023;05/10/2023;;S;;83822.19999999995;0.14824840843186227
000087/23;87.0;PREGÃO PRESENCIAL;23;34;Homologada  ;03/10/2023;531960.0;420000.0;Registro de Preço de empresa especializada na realização de oficinas de atividades socioeducativas no âmbito dos programas da Assistência Social do mu;18/09/2023;03/10/2023;;S;;111960.0;0.21046695240243626
000086/23;86.0;DISPENSA;23;33;Homologada  ;12/09/2023;16500.0;16200.0;Contratação de empresa especializada no fornecimento de estrutura técnica e operacional e apresentação de DJ’s, visando a realização do tradicional ev;01/09/2023;12/09/2023;;N;Art. 24, II, Lei 8666/93;300.0;0.01818181818181818
000085/23;85.0;PREGÃO PRESENCIAL;23;33;Homologada  ;26/09/2023;306244.8;243900.0;Contratação de empresa para prestação de serviços de vigias e seguranças (não armados), para atender as necessidades da Praia Municipal de Riolândia -;11/09/2023;26/09/2023;;N;;62344.79999999999;0.2035783138195326
000084/23;84.0;PREGÃO PRESENCIAL;23;32;Homologada  ;22/09/2023;850100.57;599069.85;Registro de Preço para eventuais aquisições de alimentos perecíveis e não perecíveis, destinados a projetos e programas da Assistência Social do Munic;05/09/2023;22/09/2023;;S;;251030.71999999997;0.2952953201760587
000083/23;83.0;DISPENSA;23;32;Homologada  ;30/08/2023;50645.6;50497.6;Contratação de empresa especializada na prestação de serviços especializados em rede elétrica de baixa tensão, para realizar em diversos ambientes e p;24/07/2023;30/08/2023;;N;Art. 75, II, Lei 14.133/2021;148.0;0.0029222676797194622
000082/23;82.0;PREGÃO PRESENCIAL;23;31;Homologada  ;11/09/2023;3683522.11;1883398.48;Registro de preço para eventuais aquisições de materiais de higiene e limpeza, para atender a demanda de diversos setores da Prefeitura Municipal de R;21/08/2023;11/09/2023;;S;;1800123.63;0.48869630105192985
000081/23;81.0;DISPENSA;23;31;Homologada  ;14/08/2023;22200.0;19200.0;locação do imóvel residencial, situado na Rua 08, nº 668, Centro, no Município de Riolândia-SP, destinado ao funcionamento da “Casa Lar” de Riolândia-;03/08/2023;14/08/2023;;N;Art. 24, X, Lei 8666/93;3000.0;0.13513513513513514
000080/23;80.0;DISPENSA;23;30;Homologada  ;08/08/2023;18085.0;17025.84;Aquisição de diversos tipos de jogos, materiais esportivos e mobiliários, para atender as necessidades do Serviço de Convivência Criança e Adolescente;19/06/2023;08/08/2023;;N;Art. 24, II, Lei 8666/93;1059.1599999999999;0.05856566215095382
000079/23;79.0;DISPENSA;23;29;Homologada  ;09/08/2023;20680.5;19646.0;Contratação de empresa especializada em construção e reconstrução de cercas provisórias, incluso ajudante de carpinteiro com encargos complementares, ;18/07/2023;09/08/2023;;N;Art. 75, II, Lei 14.133/2021;1034.5;0.05002296849689321
000078/23;78.0;PREGÃO PRESENCIAL;23;30;Homologada  ;23/08/2023;6169000.0;6125817.0;Registro de preço para a aquisição de combustíveis para abastecimento direto da frota municipal, através de postos de serviços, pelo período 12 (doze);09/08/2023;23/08/2023;;S;;43183.0;0.007
000077/23;77.0;PREGÃO PRESENCIAL;23;29;Homologada  ;17/08/2023;575969.81;505723.8;Registro de Preço de empresa especializada no fornecimento de peças e acessórios e na prestação de serviços de auto elétrica, para manutenção preventi;26/07/2023;17/08/2023;;S;;70246.01000000007;0.12196127085202618
000076/23;76.0;DISPENSA;23;28;Homologada  ;01/08/2023;35231.22;32995.68;Contratação de empresa especializada em execução de pavimentação / serviços de “tapa buraco”, incluindo limpeza, preparo da base, compactação, equipam;03/07/2023;01/08/2023;;N;Art. 24, I, Lei 8666/93;2235.540000000001;0.06345338026897737
000075/23;75.0;PREGÃO PRESENCIAL;23;28;Homologada  ;15/08/2023;720831.2;648300.0;Registro de Preço para fornecimento de Oxigênio Medicinal em sistema de comodato dos cilindros, para atender os pacientes da Rede Básica de Saúde do M;31/07/2023;15/08/2023;;S;;72531.19999999995;0.10062161571252737
000074/23;74.0;DISPENSA;23;27;Homologada  ;19/07/2023;15910.58;15430.0;Aquisição de cadeiras giratórias, para atender as necessidades do Setor Administrativo da Prefeitura Municipal de Riolândia-SP, conforme especificaçõe;19/06/2023;19/07/2023;;N;Art. 24, II, Lei 8666/93;480.5799999999999;0.030205058520808164
000073/23;73.0;DISPENSA;23;26;Homologada  ;17/07/2023;21333.0;17493.06;Aquisição de massa asfáltica usinada a quente para aplicação a frio, para uso do Departamento de Obras e Serviços Municipais da Prefeitura Municipal d;29/06/2023;17/07/2023;;N;Art. 24, II, Lei 8666/93;3839.9399999999987;0.17999999999999994
000072/23;72.0;TOMADA DE PREÇOS;23;2;Homologada  ;01/08/2023;332537.81;279956.87;contratação de empresa especializada em obras, para construção de duas praças no Município de Riolândia/SP, com fornecimento de mão de obra, material ;07/07/2023;01/08/2023;;N;;52580.94;0.1581201848896521
000071/23;71.0;DISPENSA;23;25;Homologada  ;12/07/2023;38996.67;35000.0;Contratação de empresa especializada em fornecimento de estrutura técnica e operacional, para realização do tradicional evento de “Festa do Peão” do M;04/07/2023;12/07/2023;;N;Art. 75, II, Lei 14.133/2021;3996.6699999999983;0.1024874688018233
000070/23;70.0;PREGÃO PRESENCIAL;23;27;Homologada  ;24/07/2023;97308.46;97288.0;Registro de Preço para eventuais aquisições de rações caninas, para atender a demanda do Canil Municipal de Riolândia/SP, com entrega parcelada pelo p;04/07/2023;24/07/2023;;S;;20.460000000006403;0.00021025921076139116
000068/23;68.0;PREGÃO PRESENCIAL;23;26;Homologada  ;18/07/2023;313695.0;285000.0;Registro de Preço para eventuais aquisições de cestas básicas de alimentos, para suprir a demanda do Fundo Municipal de Assistência e Promoção Social ;26/06/2023;18/07/2023;;S;;28695.0;0.09147420264906996
000067/23;67.0;DISPENSA;23;24;Homologada  ;30/06/2023;16706.64;14940.0;Contratação de empresa especializada em fornecimento de quadro, vidro e borracha de janela, incluso correta instalação, para realizar reforma das jane;19/05/2023;30/06/2023;;N;Art. 24, II, Lei 8666/93;1766.6399999999994;0.10574478171553343
000066/23;66.0;PREGÃO PRESENCIAL;23;25;Homologada  ;11/07/2023;458930.0;333820.0;Registro de preço de empresa especializada no fornecimento de produtos de panificação, para suprir as necessidades dos diversos setores da Prefeitura ;23/06/2023;11/07/2023;;S;;125110.0;0.2726123809731332
000065/23;65.0;PREGÃO PRESENCIAL;23;24;Homologada  ;06/07/2023;418280.09;171057.65;Aquisição de equipamentos, mobiliários e eletrodomésticos, para suprir as necessidades do Ponto de Apoio para Atendimento à Saúde do Município de Riol;20/06/2023;06/07/2023;;N;;247222.44000000003;0.5910452013147458
000064/23;64.0;DISPENSA;23;23;Homologada  ;21/06/2023;1455.0;1350.0;locação de imóvel para conceder aluguel social pelo período de 3 (três) meses.;14/06/2023;21/06/2023;;N;Art. 24, X, Lei 8666/93;105.0;0.07216494845360824
000063/23;63.0;INEXIGIBILIDADE;23;9;Homologada  ;21/06/2023;59437.5;40000.0;Contratação de profissional do setor artístico, para realização de show para as festividades da tradicional “Festa do Peão” do Município de Riolândia-;06/06/2023;21/06/2023;;N;Art. 25, III, Lei 8666/93;19437.5;0.3270241850683491
000062/23;62.0;INEXIGIBILIDADE;23;8;Homologada  ;21/06/2023;93000.0;75000.0;Contratação de profissional do setor artístico, para realização de show para as festividades da tradicional “Festa do Peão” do Município de Riolândia-;06/06/2023;21/06/2023;;N;Art. 25, III, Lei 8666/93;18000.0;0.1935483870967742
000061/23;61.0;PREGÃO PRESENCIAL;23;23;Homologada  ;04/07/2023;249203.06;233200.0;Registro de Preço de empresa especializada no fornecimento de toners, cartuchos e cilindros, para suprir as necessidades de diversos setores da Prefei;19/06/2023;04/07/2023;;S;;16003.059999999998;0.06421694821885413
000060/23;60.0;PREGÃO PRESENCIAL;23;22;Homologada  ;29/06/2023;4959147.24;1648026.7;Registro de preço para aquisições de medicamentos da Relação Municipal de Medicamentos Essenciais (REMUME), para atender as unidades básicas de saúde ;12/06/2023;29/06/2023;;S;;3311120.54;0.6676794173991898
000059/23;59.0;DISPENSA;23;22;Homologada  ;14/06/2023;49316.15;45378.5;  Aquisição de câmeras de monitoramento, incluída instalação das mesmas e do sistema de operação, para atender a demanda de diversos setores do Municí;04/05/2023;14/06/2023;;N;Art. 75, II, Lei 14.133/2021;3937.6500000000015;0.07984504062056753
000058/23;58.0;DISPENSA;23;21;Homologada  ;07/06/2023;10306.67;9980.0;Contratação em empresa especializada em serviços fotográficos aéreos, para realizar fotos do Município de Riolândia-SP, conforme especificações técnic;17/05/2023;07/06/2023;;N;Art. 24, II, Lei 8666/93;326.6700000000001;0.03169500915426613
000057/23;57.0;CONVITE;23;7;Homologada  ;15/06/2023;118806.87;113580.0;Contratação de empresa especializada em fornecimento de estrutura técnica e operacional e serviços de seguranças não armados, para realização do tradi;30/05/2023;15/06/2023;;N;;5226.869999999995;0.043994678085534915
000056/23;56.0;PREGÃO PRESENCIAL;23;21;Homologada  ;16/06/2023;1823432.6;947311.98;Registro de preços para a aquisição de pneus novos, para suprir as necessidades de manutenção da frota dos diversos setores da Prefeitura Municipal de;25/05/2023;16/06/2023;;S;;876120.6200000001;0.4804787519977432
000055/23;55.0;PREGÃO PRESENCIAL;23;20;Homologada  ;05/06/2023;307599.96;132492.0;Contratação de empresa especializada em serviço de coleta regular de resíduos sólidos urbanos, para atender a demanda do Município de Riolândia, pelo ;22/05/2023;05/06/2023;;N;;175107.96000000002;0.5692717255229812
000054/23;54.0;PREGÃO PRESENCIAL;23;19;Homologada  ;01/06/2023;349300.0;309800.0;Aquisição de laticínios para atendimento às necessidades do serviço de Merenda Escolar da Rede Municipal de Ensino e programas vinculados à Assistênci;17/05/2023;01/06/2023;;N;;39500.0;0.11308330947609505
000053/23;53.0;PREGÃO PRESENCIAL;23;18;Homologada  ;31/05/2023;798650.0;614150.0;Registro de Preço para eventuais aquisições de bobinas de plástico (sacos de lixo), para suprir a demanda de diversos setores da Prefeitura Municipal ;10/05/2023;31/05/2023;;S;;184500.0;0.23101483753834595
000052/23;52.0;INEXIGIBILIDADE;23;7;Homologada  ;12/05/2023;150000.0;150000.0;Contratação de profissional do setor artístico para realização de show para as festividades do tradicional Juninão do Município de Riolândia-SP, que o;18/04/2023;12/05/2023;;N;Art. 25, III, Lei 8666/93;0.0;0.0
000051/23;51.0;INEXIGIBILIDADE;23;6;Homologada  ;12/05/2023;145000.0;145000.0;Contratação de profissional do setor artístico para realização de show para as festividades do tradicional Juninão do Município de Riolândia-SP, que o;18/04/2023;12/05/2023;;N;Art. 25, III, Lei 8666/93;0.0;0.0
000050/23;50.0;CONVITE;23;6;Homologada  ;19/05/2023;140741.74;137007.69;Contratação de empresa especializada na prestação de serviços especializados de engenharia, incluindo materiais e serviços, para implantação e remoder;09/05/2023;19/05/2023;;N;;3734.0499999999884;0.02653121952307815
000049/23;49.0;DISPENSA;23;20;Homologada  ;02/05/2023;17846.68;17000.0;Aquisição de pneus, para atender as necessidades de um Caminhão da coleta de resíduos sólidos urbanos e de um Micro Ônibus do setor de saúde do Municí;30/03/2023;02/05/2023;;N;Art. 24, II, Lei 8666/93;846.6800000000003;0.04744187714465661
000048/23;48.0;DISPENSA;23;19;Homologada  ;26/04/2023;1470.0;1350.0;aluguel social pelo período de 3 (três) meses;05/04/2023;26/04/2023;;N;Art. 24, X, Lei 8666/93;120.0;0.08163265306122448
000047/23;47.0;DISPENSA;23;18;Homologada  ;25/04/2023;32720.04;32400.0;Contratação de empresa especializada na prestação de serviços de assessoria, consultoria e apoio na realização de geoprocessamento de dados dos polígo;08/03/2023;25/04/2023;;N;Art. 24, I, Lei 8666/93;320.0400000000009;0.009781161636721741
000046/23;46.0;DISPENSA;23;17;Homologada  ;20/04/2023;45241.2;39577.2;Contratação de empresa especializada na prestação de serviços de outsourcing telefonia móvel e (serviço móvel pessoal - SMP) na modalidade de voz/dado;09/03/2023;20/04/2023;;N;Art. 75, II, Lei 14.133/2021;5664.0;0.12519561815336464
000045/23;45.0;PREGÃO PRESENCIAL;23;17;Homologada  ;11/05/2023;976569.9;592732.95;Registro de Preços de equipamentos e materiais de informática, destinados a diversos setores da Prefeitura Municipal de Riolândia, com entrega parcela;27/04/2023;11/05/2023;;S;;383836.95000000007;0.3930460584541875
000044/23;44.0;PREGÃO PRESENCIAL;23;16;Homologada  ;04/05/2023;733291.99;574692.75;Registro de Preço para aquisição de gêneros alimentícios perecíveis e não perecíveis, para atendimento às necessidades de diversos setores da Administ;14/04/2023;04/05/2023;;S;;158599.24;0.21628388440462848
000043/23;43.0;PREGÃO PRESENCIAL;23;15;Em Andamento;26/04/2023;976575.42;0.0;Registro de Preços de equipamentos e materiais de informática, destinados a diversos setores da Prefeitura Municipal de Riolândia, com entrega parcela;05/04/2023;;;S;;976575.42;1.0
000042/23;42.0;DISPENSA;23;16;Homologada  ;31/03/2023;12499.98;12000.0;Contratação de empresa especializada na prestação de serviços de assessoria técnica, acompanhamento e capacitação de servidor público, para elaboração;13/03/2023;31/03/2023;;N;Art. 24, II, Lei 8666/93;499.97999999999956;0.03999846399754236
000040/23;40.0;INEXIGIBILIDADE;23;5;Homologada  ;30/03/2023;8696.5;8696.5;Contratação de empresa/editora especializada para confecção de cartilhas, com entrega parcelada pelo período de 6 (seis) meses, e de acordo com o Anex;13/03/2023;30/03/2023;;N;Art. 25, I, Lei 8666/93;0.0;0.0
000039/23;39.0;DISPENSA;23;15;Homologada  ;30/03/2023;23005.2;21040.0;Aquisição de 1.000 kits para citologia em base líquida (instrumentos para coleta e armazenamento de amostra, insumos e reagentes necessários para o pr;20/03/2023;30/03/2023;;N;Art. 75, II, Lei 14.133/2021;1965.2000000000007;0.0854241649713978
000038/23;38.0;DISPENSA;23;14;Homologada  ;27/03/2023;31194.0;25200.0;Contratação de empresa especializada no fornecimento de ovos de Páscoa, para atender as necessidades do Fundo Social de Solidariedade de Riolândia, co;02/03/2023;27/03/2023;;N;Art. 75, II, Lei 14.133/2021;5994.0;0.19215233698788228
000037/23;37.0;DISPENSA;23;13;Homologada  ;21/03/2023;17383.33;17000.0;Contratação de empresa especializada em elaboração de conteúdo digital, para realizar propaganda institucional de Riolândia-SP, em comemoração aos 69 ;08/03/2023;21/03/2023;;N;Art. 24, II, Lei 8666/93;383.33000000000175;0.022051586203564087
000036/23;36.0;PREGÃO PRESENCIAL;23;14;Homologada  ;31/03/2023;200680.0;175000.0;O registro de preços para a contratação de empresa especializada em serviços de solda preventiva e corretiva em veículos, maquinários e mobiliários, d;17/03/2023;31/03/2023;;S;;25680.0;0.12796491927446682
000034/23;34.0;INEXIGIBILIDADE;23;4;Homologada  ;09/03/2023;396000.0;396000.0;Contratação de empresa/editora especializada em livros, para confecção de livro do Município de Riolândia-SP, contando a história e geografia da nossa;10/01/2023;09/03/2023;;N;Art. 25, I, Lei 8666/93;0.0;0.0
000033/23;33.0;DISPENSA;23;12;Homologada  ;10/03/2023;17069.4;16065.0;Contratação de empresa especializada no fornecimento de brinquedos, para atender as necessidades das Creches e Pré Escolas municipais de Riolândia-SP,;10/02/2023;10/03/2023;;N;Art. 24, II, Lei 8666/93;1004.4000000000015;0.05884213856374573
000032/23;32.0;DISPENSA;23;11;Homologada  ;02/03/2023;14466.67;12600.0;Contratação de empresa especializada na prestação de serviços de assessoria junto ao CMDCA para planejamento, organização, realização e processamento ;20/01/2023;02/03/2023;;N;Art. 24, II, Lei 8666/93;1866.67;0.1290324587482814
000031/23;31.0;PREGÃO PRESENCIAL;23;12;Homologada  ;22/03/2023;340771.05;318400.0;Aquisição de equipamentos (poltronas e condicionadores de ar), visando suprir as necessidades do Centro de Eventos Adelino Gazeloto do Município de Ri;27/02/2023;22/03/2023;;N;;22371.04999999999;0.06564832898804047
000029/23;29.0;DISPENSA;23;10;Homologada  ;28/02/2023;17566.67;17200.0;contratação de empresa especializada na prestação de serviços de planejamento e execução de Concurso Público no município de Riolândia, conforme espec;17/02/2023;28/02/2023;;N;Art. 24, II, Lei 8666/93;366.66999999999825;0.020873051067732146
000028/23;28.0;DISPENSA;23;9;Homologada  ;24/02/2023;8451.5;8000.0;Contratação de empresa especializada em desenvolvimento de projeto técnico de combate e prevenção a incêndio, e aprovação junto ao corpo de bombeiros,;06/02/2023;24/02/2023;;N;Art. 24, I, Lei 8666/93;451.5;0.053422469384132996
000027/23;27.0;DISPENSA;23;8;Homologada  ;24/02/2023;17666.67;16000.0;Contratação de profissional artístico (dee jay) para apresentação nas festividades em comemoração ao “69º Aniversário de Emancipação Política do Munic;24/01/2023;24/02/2023;;N;Art. 24, II, Lei 8666/93;1666.6699999999983;0.09433979352079358
000026/23;26.0;PREGÃO PRESENCIAL;23;10;Homologada  ;10/03/2023;4009267.0;2566180.0;Registro de preço para aquisição de gêneros alimentícios perecíveis para atendimento às necessidades do serviço de merenda escolar da Rede Municipal d;21/02/2023;10/03/2023;;S;;1443087.0;0.3599378639536853
000025/23;25.0;PREGÃO PRESENCIAL;23;9;Homologada  ;08/03/2023;823940.98;754400.0;Registro de Preço para contratação de empresa especializada em fornecimento de peças/equipamentos e prestação de serviços de manutenção preventiva e c;16/02/2023;08/03/2023;;S;;69540.97999999998;0.08440043848771787
000023/23;23.0;DISPENSA;23;7;Homologada  ;13/02/2023;11663.16;10000.0;Aquisição de câmeras de monitoramento, incluída instalação das mesmas e do sistema de operação, para atender a demanda da escola Maria Aparecida do Sa;30/01/2023;13/02/2023;;N;Art. 24, II, Lei 8666/93;1663.1599999999999;0.1425994327437847
000022/23;22.0;PREGÃO PRESENCIAL;23;7;Homologada  ;02/03/2023;188392.8;174600.0;Registro de preço para eventual aquisição de gás liquefeito de petróleo – GLP (P-13 e P-45), para suprir as necessidades dos diversos setores da Prefe;08/02/2023;02/03/2023;;S;;13792.799999999988;0.0732129890314279
000021/23;21.0;CONVITE;23;5;Homologada  ;24/02/2023;175979.3;174630.0;Contratação de empresa especializada em fornecimento de estrutura técnica e operacional e serviços de seguranças não armados, para realização do tradi;07/02/2023;24/02/2023;;N;;1349.2999999999884;0.007667379061059957
000020/23;20.0;DISPENSA;23;6;Homologada  ;10/02/2023;10333.33;10000.0;Aquisição de calhas com corte, incluído correta instalação, visando atender as necessidades do Velório Municipal do Município de Riolândia-SP, conform;16/01/2023;10/02/2023;;N;Art. 24, II, Lei 8666/93;333.3299999999999;0.03225775234121043
000019/23;19.0;DISPENSA;23;5;Homologada  ;13/02/2023;34401.17;32954.0;Contratação de empresa especializada no fornecimento de braços de iluminação pública, com instalação, visando a substituição dos braços fora do padrão;17/01/2023;13/02/2023;;N;Art. 24, I, Lei 8666/93;1447.1699999999983;0.04206746456588536
000017/23;17.0;TOMADA DE PREÇOS;23;1;Homologada  ;28/02/2023;271146.76;253000.0;Contratação de empresa especializada em serviços de pavimentação/recapeamento do pavimento de vias públicas, calçadas e sinalização viária, no municíp;28/02/2023;28/02/2023;;N;;18146.76000000001;0.06692597027528564
000016/23;16.0;CONVITE;23;4;Homologada  ;15/02/2023;92959.52;92448.05;Contratação de empresa especializada na prestação de serviços especializados de reforma e adaptação, incluído fornecimento de materiais, para revitali;01/02/2023;15/02/2023;;N;;511.47000000000116;0.005502072299856982
000015/23;15.0;PREGÃO ELETRÔNICO;23;5;Homologada  ;17/02/2023;754078.5;689939.0;Registro de Preço para aquisição de uniformes escolares, para distribuição aos alunos matriculados nas escolas municipais de Riolândia-SP, pelo períod;25/01/2023;17/02/2023;;S;;64139.5;0.08505679448492431
000014/23;14.0;CONVITE;23;3;Homologada  ;10/02/2023;280630.57;280430.57;Contratação de empresa especializada na prestação de serviços especializados de reforma e adaptação, incluído fornecimento de materiais, para revitali;31/01/2023;16/02/2023;;N;;200.0;0.0007126807318247616
000013/23;13.0;PREGÃO PRESENCIAL;23;4;Homologada  ;14/02/2023;980011.0;576400.0;Registro de Preço para aquisições de fraldas descartáveis, infantil e geriátrica, para suprir a demanda dos Setores da Educação e Saúde do Município d;31/01/2023;14/02/2023;;S;;403611.0;0.41184333645234594
000012/23;12.0;CONVITE;23;2;Homologada  ;09/02/2023;175305.6;169632.0;Contratação de empresa especializada na prestação de serviços de seguranças não armados, para atender a demanda da Praia Municipal de Riolândia-SP, pe;26/01/2023;09/02/2023;;N;;5673.600000000006;0.03236405454246759
000010/23;10.0;DISPENSA;23;4;Homologada  ;25/01/2023;56668.94;54960.0;aquisição de carteiras / conjuntos escolares, para atender as necessidades da Rede Municipal de Ensino do Município de Riolândia-SP, conforme especifi;13/01/2023;25/01/2023;;N;Art. 75, II, Lei 14.133/2021;1708.9400000000023;0.03015655489585657
000009/23;9.0;PREGÃO PRESENCIAL;23;2;Homologada  ;08/02/2023;796651.15;435635.4;Registro de preços para aquisições de diversos materiais esportivos, visando a manutenção das atividades correlatas desenvolvidas pelos diversos setor;23/01/2023;08/02/2023;;S;;361015.75;0.45316667150985723
000008/23;8.0;DISPENSA;23;3;Homologada  ;23/01/2023;49625.0;49300.0;contratação de empresa especializada em prestação de serviços de termonebulização (fumacê), conforme especificações técnicas e quantidades contidas no;02/01/2023;23/01/2023;;N;Art. 75, II, Lei 14.133/2021;325.0;0.00654911838790932
000007/23;7.0;PREGÃO PRESENCIAL;23;1;Homologada  ;13/03/2023;2509650.0;2502500.0;Contratação de serviços de administração, gerenciamento, emissão e fornecimento de documentos de legitimação – Auxílio Alimentação, na forma de cartão;28/02/2023;13/03/2023;;N;;7150.0;0.002849002849002849
000006/23;6.0;INEXIGIBILIDADE;23;3;Homologada  ;16/01/2023;141250.0;115000.0;Contratação de profissional do setor artístico para realização de show para as festividades do Aniversário do Município de Riolândia-SP, que ocorrerá ;03/01/2023;16/01/2023;;N;Art. 25, III, Lei 8666/93;26250.0;0.18584070796460178
000005/23;5.0;INEXIGIBILIDADE;23;2;Homologada  ;16/01/2023;80471.25;80000.0;Contratação de profissional do setor artístico para realização de show para as festividades do Aniversário do Município de Riolândia-SP, que ocorrerá ;03/01/2023;16/01/2023;;N;Art. 25, III, Lei 8666/93;471.25;0.005856128741631328
000004/23;4.0;INEXIGIBILIDADE;23;1;Homologada  ;16/01/2023;397530.0;328500.0;Contratação de profissional do setor artístico para realização de show para as festividades do Aniversário do Município de Riolândia-SP, que ocorrerá ;03/01/2023;16/01/2023;;N;Art. 25, III, Lei 8666/93;69030.0;0.17364727190400725
000003/23;3.0;CONVITE;23;1;Homologada  ;17/01/2023;76985.0;76100.0;Aquisição de impressoras, para atender as necessidades de diversos setores da Prefeitura Municipal de Riolândia/SP, conforme especificações técnicas e;06/01/2023;17/01/2023;;N;;885.0;0.011495745924530752
000002/23;2.0;DISPENSA;23;2;Homologada  ;06/01/2023;5798.66;5598.0;Aquisição de dois ares condicionados (Split 12.000 btu’s), para atender a necessidade do Setor de Contabilidade do Município de Riolândia/SP, conforme;02/01/2023;06/01/2023;;N;Art. 24, II, Lei 8666/93;200.65999999999985;0.03460454656765526
000001/23;1.0;DISPENSA;23;1;Homologada  ;04/01/2023;17126.4;17011.2;Contratação de mão de obra de serviços gerais para realizar limpeza e capina manual em diversas ruas e canteiros do Município de Riolândia/SP, conform;20/12/2022;04/01/2023;;N;Art. 24, II, Lei 8666/93;115.20000000000073;0.006726457399103181
000105/24;105.0;PREGÃO PRESENCIAL;24;44;Homologada  ;26/12/2024;3944127.0;1870262.65;Registro de Preço para eventuais aquisições de materiais de expediente e papelaria, para atender a demanda de diversos setores da Prefeitura Municipal;09/12/2024;26/12/2024;;S;Art. 28, Lei 14.133/2021;2073864.35;0.5258107434167307
000104/24;104.0;DISPENSA;24;42;Homologada  ;10/12/2024;17235.0;16560.0;Contratação de empresa especializada na prestação de serviços seguranças não armados, para atender os eventos de final de ano do Município de Riolândi;27/11/2024;10/12/2024;;N;Art. 75, II, Lei 14.133/2021;675.0;0.0391644908616188
000103/24;103.0;DISPENSA;24;41;Homologada  ;02/12/2024;56363.33;55352.0;Contratação de empresa especializada na prestação de serviços especializados em rede elétrica de baixa tensão, para manutenção em diversos prédios e p;14/11/2024;02/12/2024;;N;Art. 75, II, Lei 14.133/2021;1011.3300000000017;0.017943049142057466
000102/24;102.0;PREGÃO ELETRÔNICO (PORTAL DE COMPRAS);24;43;Homologada  ;12/12/2024;1497997.0;1327850.0;Registro de Preço para eventuais aquisições de kits de materiais escolares, visando a distribuição aos alunos matriculados nas escolas municipais de R;28/11/2024;12/12/2024;;S;Art. 28, Lei 14.133/2021;170147.0;0.11358300450534947
000101/24;101.0;DISPENSA;24;40;Homologada  ;02/12/2024;57133.39;55000.0;Contratação de empresa para locação de itens de cenários, personagens, adereços e decorações natalinas que serão instaladas na cidade de  Riolândia-SP;22/11/2024;02/12/2024;;N;Art. 75, II, Lei 14.133/2021;2133.3899999999994;0.0373405113892244
000100/24;100.0;PREGÃO PRESENCIAL;24;42;Homologada  ;09/12/2024;1258034.2;816485.9;Registro de Preço para eventuais aquisições de diversos tipos de materiais hospitalares, visando atender a demanda das Unidades Básicas de Saúde do Mu;22/11/2024;09/12/2024;;S;Art. 28, Lei 14.133/2021;441548.29999999993;0.35098274752784936
000099/24;99.0;DISPENSA;24;39;Homologada  ;25/11/2024;52500.0;52500.0;Contratação de empresa especializada na prestação de serviços de poda, corte e de remoção de árvores em áreas públicas, com objetivo de atender a dema;04/11/2024;25/11/2024;;N;Art. 75, II, Lei 14.133/2021;0.0;0.0
000098/24;98.0;PREGÃO PRESENCIAL;24;41;Homologada  ;05/12/2024;170921.67;147900.0;Aquisição de dois veículos seminovos para uso exclusivo no atendimento às demandas operacionais dos setores de Manutenção dos Serviços Urbanos e de Ma;22/11/2024;05/12/2024;;N;;23021.670000000013;0.13469134721185447
000097/24;97.0;INEXIGIBILIDADE;24;13;Homologada  ;12/11/2024;72900.0;72900.0;Contratação de profissional do setor artístico, para realização de show, para as comemorações de final de ano do Município de Riolândia-SP, conforme e;04/11/2024;12/11/2024;;N;Art. 74, II, Lei 14.133/2021;0.0;0.0
000096/24;96.0;DISPENSA;24;39;Homologada  ;12/11/2024;18866.67;17100.0;Contratação de empresa especializada no fornecimento de estrutura técnica e operacional, visando à realização da tradicional festa de “Comemorações de;06/11/2024;12/11/2024;;N;Art. 75, II, Lei 14.133/2021;1766.6699999999983;0.09363973610605361
000095/24;95.0;DISPENSA;24;38;Homologada  ;08/11/2024;611959.5;563904.85;Adesão à Ata de Registro de Preços n° 020/2024 (Pregão nº 019/2024 - Processo nº 046/2024), firmada entre a Prefeitura Municipal de Cardoso e as empre;25/10/2024;08/11/2024;S;S;Art. 75, V, Lei 14.133/2021;48054.65000000002;0.07852586649933536
000094/24;94.0;PREGÃO PRESENCIAL;24;40;Homologada  ;26/11/2024;1687926.1;1323206.84;Registro de preços para eventuais aquisições de pneus novos, para suprir as necessidades de manutenção da frota dos diversos setores da Prefeitura Mun;11/11/2024;26/11/2024;;S;;364719.26;0.2160753720201376
000093/24;93.0;INEXIGIBILIDADE;24;12;Homologada  ;07/11/2024;20000.0;20000.0;"O objeto do presente contrato consiste na apresentação de um show a ser realizado pelo artista "" SEU MOÇO "" e todos os componentes da equipe de operaç";04/11/2024;07/11/2024;;N;Art. 74, II, Lei 14.133/2021;0.0;0.0
000092/24;92.0;PREGÃO ELETRÔNICO (PORTAL DE COMPRAS);24;39;Encerrada   ;25/11/2024;204809.83;0.0;Aquisição de um veículo zero quilômetro, para uso exclusivo no atendimento às demandas administrativas e operacionais do Gabinete da Prefeitura Munici;06/11/2024;28/11/2024;;N;Art. 28, Lei 14.133/2021;204809.83;1.0
000091/24;91.0;INEXIGIBILIDADE;24;11;Homologada  ;05/11/2024;25000.0;25000.0;Contratação de profissional do setor artístico, para realização de show na tradicional Festa de Ano Novo do Município de Riolândia-SP;30/10/2024;05/11/2024;;N;Art. 74, II, Lei 14.133/2021;0.0;0.0
000090/24;90.0;DISPENSA;24;36;Homologada  ;29/10/2024;492272.65;437400.04;Adesão à Ata de Registro de Preços n° 011/2024 (Pregão nº 009/2024 - Processo nº 025/2024) firmada entre a Prefeitura Municipal de Cardoso e as empres;04/10/2024;29/10/2024;S;S;Art. 75, III, Lei 14.133/2021;54872.610000000044;0.11146792331444788
000089/24;89.0;PREGÃO ELETRÔNICO (PORTAL DE COMPRAS);24;38;Homologada  ;12/11/2024;190612.5;174600.0;Aquisição de ambulância destinada a atender as necessidades das Unidades de Saúde do Município de Riolândia-SP, conforme especificações e quantidades ;30/10/2024;12/11/2024;;N;Art. 28, Lei 14.133/2021;16012.5;0.08400550855793823
000088/24;88.0;PREGÃO ELETRÔNICO (PORTAL DE COMPRAS);24;37;Fracassada  ;06/11/2024;204809.83;0.0;Aquisição de um veículo zero quilômetro, para uso exclusivo no atendimento às demandas administrativas e operacionais do Gabinete da Prefeitura Munici;17/10/2024;;;N;Art. 28, Lei 14.133/2021;204809.83;1.0
000086/24;86.0;DISPENSA;24;35;Homologada  ;21/10/2024;29405.62;28409.07;Aquisição de 5 unidades de Smart TV LED 50’’, 2 unidades de Micro Ondas 21 litros e 3 unidades de Ar condicionado Split 9.000 BTUS, para realizar sort;04/10/2024;21/10/2024;;N;Art. 75, II, Lei 14.133/2021;996.5499999999993;0.03388978025289041
000085/24;85.0;PREGÃO PRESENCIAL;24;36;Homologada  ;30/10/2024;819033.62;726282.9;Registro de Preço para eventuais aquisições de alimentos perecíveis e não perecíveis, destinados a projetos e programas da Assistência Social do Munic;16/10/2024;30/10/2024;;S;;92750.71999999997;0.11324409369178273
000084/24;84.0;PREGÃO PRESENCIAL;24;35;Homologada  ;25/10/2024;673195.5;495420.0;Registro de Preço para aquisição futura e parcelada de leites especiais e suplementos alimentares, tendo em vista crianças e adultos com diversos prob;09/10/2024;25/10/2024;;S;;177775.5;0.26407707716406303
000083/24;83.0;DISPENSA;24;34;Homologada  ;07/10/2024;40400.04;36000.0;Contratação de empresa especializada em locação de equipamentos de radiocomunicação, para atender as necessidades do SAMU de Riolândia-SP, com execuçã;24/09/2024;07/10/2024;;N;Art. 75, II, Lei 14.133/2021;4400.040000000001;0.10891177335467987
000082/24;82.0;PREGÃO PRESENCIAL;24;34;Homologada  ;16/10/2024;565366.8;513988.0;Registro de Preços para aquisições de gêneros alimentícios não perecíveis, para atendimento às necessidades do serviço de merenda escolar da Rede Muni;02/10/2024;16/10/2024;;S;;51378.80000000005;0.09087693157787129
000081/24;81.0;PREGÃO PRESENCIAL;24;33;Homologada  ;02/10/2024;503300.0;380000.0;Registro de Preço de empresa especializada na realização de oficinas de atividades socioeducativas no âmbito dos programas da Assistência Social do Mu;16/09/2024;02/10/2024;;S;;123300.0;0.24498311146433538
000080/24;80.0;DISPENSA;24;33;Homologada  ;19/09/2024;11072.63;9166.86;aquisição de fones de ouvido headset, aparelho smart TV e componentes de robótica, visando atender a Educação em Tempo Integral (anos iniciais) do Mun;03/09/2024;24/09/2024;;N;Art. 75, II, Lei 14.133/2021;1905.7699999999986;0.17211538722056086
000079/24;79.0;PREGÃO ELETRÔNICO (PORTAL DE COMPRAS);24;32;Homologada  ;26/09/2024;7591000.0;7591000.0;Registro de Preço para a contratação de empresa(s) especializada(s) no fornecimento de combustíveis, para abastecimento direto da frota municipal do M;11/09/2024;26/09/2024;;S;Art. 28, Lei 14.133/2021;0.0;0.0
000078/24;78.0;DISPENSA;24;32;Homologada  ;11/09/2024;25330.0;24100.0;Aquisição de 1.000 kits para citologia em base líquida (instrumentos para coleta e armazenamento de amostra, insumos e reagentes necessários para o pr;26/08/2024;11/09/2024;;N;Art. 75, II, Lei 14.133/2021;1230.0;0.04855902092380576
000077/24;77.0;DISPENSA;24;31;Homologada  ;10/09/2024;22261.87;19640.0;Contratação de empresa especializada em fornecimento de uniformes, para atender a demanda do setor da saúde do município de Riolândia/SP, conforme esp;21/08/2024;10/09/2024;;N;Art. 75, II, Lei 14.133/2021;2621.869999999999;0.11777402347601523
000076/24;76.0;PREGÃO PRESENCIAL;24;31;Homologada  ;24/09/2024;383500.7;347600.0;Registro de Preço para fornecimento de Oxigênio Medicinal em sistema de comodato dos cilindros, para atender os pacientes da Rede Básica de Saúde do M;09/09/2024;24/09/2024;;S;;35900.70000000001;0.09361312769442144
000075/24;75.0;PREGÃO PRESENCIAL;24;30;Homologada  ;09/09/2024;562348.28;532463.0;Registro de Preço para eventuais aquisições de peças, acessórios e serviços de auto elétrica, para manutenção preventiva e corretiva da frota da Prefe;23/08/2024;09/09/2024;;S;;29885.280000000028;0.05314372082724255
000074/24;74.0;PREGÃO PRESENCIAL;24;29;Homologada  ;02/09/2024;793113.33;499514.0;Registro de preços para aquisições de diversos materiais esportivos, visando a manutenção das atividades correlatas desenvolvidas pelos diversos setor;16/08/2024;02/09/2024;;S;;293599.32999999996;0.3701858472105115
000073/24;73.0;PREGÃO ELETRÔNICO (PORTAL DE COMPRAS);24;28;Encerrada   ;26/08/2024;720831.2;0.0;Registro de Preço para fornecimento de Oxigênio Medicinal em sistema de comodato dos cilindros, para atender os pacientes da Rede Básica de Saúde do M;13/08/2024;;;S;;720831.2;1.0
000072/24;72.0;DISPENSA;24;30;Homologada  ;05/08/2024;20829.67;20018.0;Contratação de empresa especializada em serviços de engenharia, para implantação de sistemas de combate e prevenção contra incêndio, para atender as n;16/07/2024;05/08/2024;;N;Art. 75, I, Lei 14.133/2021;811.6699999999983;0.03896701195938286
000071/24;71.0;PREGÃO PRESENCIAL;24;27;Homologada  ;16/08/2024;266299.18;196583.0;Registro de Preço de empresa especializada no fornecimento de peças/acessórios e prestação de serviços de mão de obra mecânica, para manutenção de div;31/07/2024;16/08/2024;;S;;69716.18;0.2617964501430308
000070/24;70.0;PREGÃO PRESENCIAL;24;26;Homologada  ;09/08/2024;513260.0;462180.0;Registro de preço de empresa especializada no fornecimento de produtos de panificação, para suprir as necessidades dos diversos setores da Prefeitura ;26/07/2024;09/08/2024;;S;;51080.0;0.09952071075088649
000069/24;69.0;INEXIGIBILIDADE;24;10;Homologada  ;22/07/2024;35400.0;33888.0;Locação imóvel comercial, localizado a Rua 12, nº 1476 /1472, Centro, no Município de Riolândia, para funcionamento do Centro de Fisioterapia do Munic;02/07/2024;22/07/2024;;N;Art. 74, V, Lei 14.133/2021;1512.0;0.04271186440677966
000068/24;68.0;PREGÃO PRESENCIAL;24;25;Homologada  ;02/08/2024;1015056.43;842774.0;Registro de Preços de equipamentos e materiais de informática, destinados a diversos setores da Prefeitura Municipal de Riolândia, com entrega parcela;18/07/2024;02/08/2024;;S;;172282.43000000005;0.16972694808701427
000067/24;67.0;PREGÃO PRESENCIAL;24;24;Homologada  ;29/07/2024;351225.0;330000.0;Registro de Preço para eventuais aquisições de cestas básicas de alimentos, para suprir a demanda do Fundo Municipal de Assistência e Promoção Social ;12/07/2024;29/07/2024;;S;;21225.0;0.060431347426863125
000066/24;66.0;DISPENSA;24;29;Homologada  ;11/07/2024;36513.9;30017.0;Contratação de empresa especializada em retífica de motor, visando o fornecimento de peças e mão de obra, para atender as necessidades de um caminhão ;19/06/2024;11/07/2024;;N;Art. 75, I, Lei 14.133/2021;6496.9000000000015;0.17792950082023562
000065/24;65.0;INEXIGIBILIDADE;24;9;Homologada  ;05/07/2024;140000.0;140000.0;Contratação de profissional do setor artístico, para realização de show na tradicional Festa do Peão do Município de Riolândia-SP, nos dias 25 e 26 de;05/07/2024;05/07/2024;;N;Art. 74, II, Lei 14.133/2021;0.0;0.0
000064/24;64.0;INEXIGIBILIDADE;24;8;Homologada  ;05/07/2024;60000.0;60000.0;Contratação de profissional do setor artístico, para realização de show na tradicional Festa do Peão do Município de Riolândia-SP, nos dias 25 e 26 de;05/07/2024;05/07/2024;;N;Art. 74, II, Lei 14.133/2021;0.0;0.0
000063/24;63.0;PREGÃO PRESENCIAL;24;23;Homologada  ;18/07/2024;268816.27;264630.0;Registro de Preço de empresa especializada no fornecimento de toners, cartuchos e cilindros, para suprir as necessidades de diversos setores da Prefei;03/07/2024;18/07/2024;;S;;4186.270000000019;0.015572978525444231
000062/24;62.0;PREGÃO PRESENCIAL;24;22;Homologada  ;16/07/2024;292250.0;282650.0;Registro de Preço para fornecimento de laticínios, para atendimento às necessidades do serviço de Merenda Escolar da Rede Municipal de Ensino e progra;24/06/2024;16/07/2024;;S;;9600.0;0.032848588537211294
000061/24;61.0;DISPENSA;24;28;Homologada  ;21/06/2024;25998.0;23919.0;Contratação de empresa especializada no fornecimento de kits de higiene bucal, para atender a demanda da Saúde Bucal do Município de Riolândia-SP, nos;11/06/2024;21/06/2024;;N;Art. 75, II, Lei 14.133/2021;2079.0;0.07996768982229402
000060/24;60.0;DISPENSA;24;27;Homologada  ;20/06/2024;125000.0;125000.0;Contratação de empresa especializada na prestação de serviços de publicidade legal de todos os atos de interesse da Contratante, pelo sistema on-line,;05/06/2024;20/06/2024;;N;Art. 75, IX, Lei 14.133/2021;0.0;0.0
000059/24;59.0;DISPENSA;24;26;Homologada  ;18/06/2024;58866.67;56000.0;Contratação de empresa especializada na revisão e implementação de melhorias na estrutura organizacional e no quadro de cargos e salários do município;03/06/2024;18/06/2024;;N;Art. 75, II, Lei 14.133/2021;2866.6699999999983;0.04869767561168312
000058/24;58.0;PREGÃO PRESENCIAL;24;21;Homologada  ;03/07/2024;380000.04;363996.0;Contratação de empresa especializada em serviços saúde (enfermagem), em regime de empreitada por preço global, para atendimento no SAMU do Município d;19/06/2024;03/07/2024;;N;;16004.039999999979;0.04211589030359044
000057/24;57.0;PREGÃO PRESENCIAL;24;20;Homologada  ;28/06/2024;909550.0;771000.0;Registro de Preço para aquisições de bobinas de plástico (sacos de lixo), para suprir a demanda de diversos setores da Prefeitura Municipal de Riolând;12/06/2024;28/06/2024;;S;;138550.0;0.15232807432246714
000056/24;56.0;PREGÃO PRESENCIAL;24;19;Homologada  ;24/06/2024;218400.0;195000.0;Registro de Preço para contratação de empresa especializada em serviços de solda preventiva e corretiva em veículos, maquinários e mobiliários, para a;05/06/2024;24/06/2024;;S;;23400.0;0.10714285714285714
000055/24;55.0;DISPENSA;24;25;Homologada  ;07/06/2024;7225.48;6991.6;Aquisição de diversos tipos de brinquedos, visando atender a Educação em Tempo Integral (anos iniciais) do Município de Riolândia-SP, conforme especif;10/05/2024;07/06/2024;;N;Art. 75, II, Lei 14.133/2021;233.8799999999992;0.03236878380398246
000054/24;54.0;PREGÃO PRESENCIAL;24;18;Homologada  ;20/06/2024;691386.06;575048.95;Registro de Preço para fornecimento de gêneros alimentícios, perecíveis e não perecíveis, para atender as necessidades de diversos setores da Administ;03/06/2024;20/06/2024;;S;;116337.1100000001;0.16826649643471275
000053/24;53.0;PREGÃO PRESENCIAL;24;17;Homologada  ;18/06/2024;6852132.2;1449360.9;Registro de preço para aquisições de medicamentos contidos na Relação Municipal de Medicamentos Essenciais (REMUME), para atender as unidades de saúde;27/05/2024;18/06/2024;;S;;5402771.300000001;0.7884803069035943
000052/24;52.0;DISPENSA;24;24;Homologada  ;03/06/2024;12357.24;11822.36;Aquisição de equipamentos eletrônicos e de robótica, visando atender a Educação em Tempo Integral (anos iniciais) do Município de Riolândia-SP, confor;10/05/2024;03/06/2024;;N;Art. 75, II, Lei 14.133/2021;534.8799999999992;0.04328474643205111
000051/24;51.0;PREGÃO ELETRÔNICO (PORTAL DE COMPRAS);24;16;Homologada  ;11/06/2024;108183.24;89350.0;Contratação de empresa especializada em fornecimento de estrutura técnica e operacional e serviços de seguranças não armados, para realização do tradi;23/05/2024;11/06/2024;;N;Art. 28, Lei 14.133/2021;18833.240000000005;0.17408648511543937
000050/24;50.0;DISPENSA;24;23;Homologada  ;22/05/2024;2512926.36;2512926.36;contratação de empresa com qualificação em engenharia elétrica, por conta da prestação dos serviços pautados em eficientização de sistemas de energia,;29/04/2024;22/05/2024;;N;Art. 75, III, Lei 14.133/2021;0.0;0.0
000049/24;49.0;DISPENSA;24;22;Homologada  ;22/05/2024;4414800.0;4414800.0;aquisição de fornecimento kit para sistemas de microgeração e minigeração de energia elétrica a partir de fonte primaria solar (On-grid), estações de ;02/04/2024;22/05/2024;N;N;Art. 24, XV, Lei 8666/93;0.0;0.0
000048/24;48.0;DISPENSA;24;21;Homologada  ;22/05/2024;11633.25;11100.0;Contratação de empresa especializada no fornecimento de materiais de papelaria e artesanato, visando atender a Educação em Tempo Integral (anos inicia;03/05/2024;22/05/2024;;N;Art. 75, II, Lei 14.133/2021;533.25;0.0458384372380891
000047/24;47.0;PREGÃO ELETRÔNICO (PORTAL DE COMPRAS);24;15;Homologada  ;28/05/2024;74077.87;33236.0;Aquisição de móveis e equipamentos para atender as necessidades do CAPS e do SAMU do Município de Riolândia-SP, conforme quantidades e especificações ;03/05/2024;28/05/2024;;N;Art. 28, Lei 14.133/2021;40841.869999999995;0.5513369917358585
000046/24;46.0;DISPENSA;24;20;Homologada  ;09/05/2024;111473.7;108072.31;Execução de Infraestrutura Urbana com Intervenções de Recapeamento Asfáltico, Microrevestimento, Fresagem, Reciclagem de Pavimento Asfáltico e Compone;18/04/2024;09/05/2024;N;N;Art. 75, III, Lei 14.133/2021;3401.3899999999994;0.030512937132256304
000045/24;45.0;DISPENSA;24;19;Homologada  ;06/05/2024;17593.32;14776.0;Contratação de empresa especializada no fornecimento de Smart TV LED 50” e Caixa de Som 15” (com acessórios), visando atender a Educação em Tempo Inte;16/04/2024;06/05/2024;;N;Art. 75, II, Lei 14.133/2021;2817.3199999999997;0.16013577880695626
000044/24;44.0;CONCORRÊNCIA;24;3;Homologada  ;23/05/2024;94473.21;94473.21;Contratação de empresa especializada em execução de pavimentação asfáltica, para realização em vias do Município de Riolândia/SP, com fornecimento de ;30/04/2024;23/05/2024;;N;;0.0;0.0
000043/24;43.0;PREGÃO PRESENCIAL;24;14;Homologada  ;14/05/2024;912306.87;878359.0;Registro de Preço de empresa especializada em fornecimento de peças/equipamentos e prestação de serviços de manutenção preventiva e corretiva em Condi;23/04/2024;14/05/2024;;S;;33947.869999999995;0.03721102089256436
000042/24;42.0;DISPENSA;24;18;Homologada  ;26/04/2024;109439.46;85019.46;Contratação de empresa especializada em serviços de engenharia, para implantação de sistemas de proteção contra incêndio, para atender as necessidades;17/04/2024;26/04/2024;;N;Art. 75, I, Lei 14.133/2021;24420.0;0.22313706591754015
000041/24;41.0;DISPENSA;24;17;Homologada  ;29/04/2024;59784.9;47040.0;Aquisição de areia grossa e areia fina, para suprir as necessidades de diversos setores da Prefeitura Municipal de Riolândia-SP, com entrega parcelada;12/04/2024;29/04/2024;;N;Art. 75, II, Lei 14.133/2021;12744.900000000001;0.21317924760265555
000040/24;40.0;PREGÃO PRESENCIAL;24;13;Homologada  ;24/05/2024;945853.93;827317.0;Registro de Preço de serviços de borracharia para manutenção da frota da Prefeitura Municipal de Riolândia-SP, com execução parcelada pelo período de ;25/04/2024;24/05/2024;;S;;118536.93000000005;0.12532265949352248
000039/24;39.0;INEXIGIBILIDADE;24;7;Homologada  ;23/04/2024;80000.0;80000.0;Contratação de profissional do setor artístico para realização de show para as festividades do tradicional “Juninão” do Município de Riolândia-SP, que;10/04/2024;23/04/2024;;N;Art. 74, II, Lei 14.133/2021;0.0;0.0
000038/24;38.0;PREGÃO ELETRÔNICO (PORTAL DE COMPRAS);24;12;Homologada  ;08/05/2024;185816.67;179000.0;Aquisição de uma ambulância, para atender as necessidades das Unidades de Saúde do Município de Riolândia-SP, conforme quantidades e especificações co;23/04/2024;08/05/2024;;N;Art. 28, Lei 14.133/2021;6816.670000000013;0.03668492175648187
000037/24;37.0;INEXIGIBILIDADE;24;6;Homologada  ;22/04/2024;330000.0;330000.0;Contratação de profissional do setor artístico para realização de show para as festividades do tradicional “Juninão” do Município de Riolândia-SP, que;10/04/2024;22/04/2024;;N;Art. 74, II, Lei 14.133/2021;0.0;0.0
000036/24;36.0;DISPENSA;24;16;Homologada  ;19/04/2024;27893.99;24158.0;Contratação de empresa especializada no fornecimento de diversos tipos de materiais esportivos, visando atender a Educação em Tempo Integral (anos ini;11/04/2024;19/04/2024;;N;Art. 75, II, Lei 14.133/2021;3735.9900000000016;0.13393530290933645
000035/24;35.0;DISPENSA;24;15;Homologada  ;16/04/2024;17000.0;17000.0;contratação de empresa especializada no fornecimento de estrutura técnica e operacional, visando a realização do “Dia do Evangelho” no Município de Ri;09/04/2024;16/04/2024;;N;Art. 75, II, Lei 14.133/2021;0.0;0.0
000034/24;34.0;DISPENSA;24;14;Homologada  ;12/04/2024;51500.01;49500.0;contratação de empresa especializada em serviços de termonebulização espacial (fumacê) e termonebulização em toda a rede esgoto do Município de Riolân;10/04/2024;12/04/2024;;N;Art. 75, VIII, Lei 14.133/2021;2000.010000000002;0.03883513809026449
000033/24;33.0;PREGÃO PRESENCIAL;24;11;Homologada  ;23/04/2024;138441.88;137454.0;Registro de Preço para aquisições de rações caninas, visando atender a demanda do Setor Veterinário e Canil Municipal de Riolândia/SP, com entrega par;05/04/2024;23/04/2024;;S;;987.8800000000047;0.007135702000001767
000032/24;32.0;DISPENSA;24;13;Homologada  ;03/04/2024;59466.25;55475.0;contratação de empresa especializada no fornecimento de materiais de gráfica, para atender a demanda de diversos setores da Prefeitura Municipal de Ri;05/03/2024;03/04/2024;;N;Art. 75, II, Lei 14.133/2021;3991.25;0.0671179030122128
000031/24;31.0;INEXIGIBILIDADE;24;5;Homologada  ;03/04/2024;35000.0;35000.0;Contratação de profissional do setor artístico para realização de show em comemoração ao dia do evangelho no Município de Riolândia-SP, que ocorrerá n;27/03/2024;03/04/2024;;N;Art. 74, II, Lei 14.133/2021;0.0;0.0
000030/24;30.0;PREGÃO PRESENCIAL;24;10;Homologada  ;16/04/2024;202076.4;133200.0;Registro de preço para eventual aquisição de gás liquefeito de petróleo - GLP (P-13 e P-45), para suprir as necessidades dos diversos setores da Prefe;28/03/2024;16/04/2024;;S;;68876.4;0.3408433641929488
000029/24;29.0;CONCORRÊNCIA;24;2;Homologada  ;12/04/2024;588867.91;546900.02;Contratação de empresa especializada em execução de obras, para construção de sanitários e implantação de esculturas e playground nos Sistemas de Laze;21/03/2024;12/04/2024;;N;;41967.890000000014;0.07126876721810162
000028/24;28.0;PREGÃO ELETRÔNICO (PORTAL DE COMPRAS);24;9;Homologada  ;09/04/2024;122894.1;64144.5;Registro de Preço para eventuais aquisições de areia grossa, areia fina, pedra britada 1 e pedrisco, para suprir as necessidades de diversos setores d;18/03/2024;09/04/2024;;S;;58749.600000000006;0.4780506143093932
000027/24;27.0;INEXIGIBILIDADE;24;4;Homologada  ;20/03/2024;55000.0;55000.0;Contratação de profissional do setor artístico para realização de show em comemoração ao dia do evangelho no Município de Riolândia-SP, que ocorrerá n;19/03/2024;20/03/2024;;N;Art. 74, II, Lei 14.133/2021;0.0;0.0
000026/24;26.0;DISPENSA;24;12;Homologada  ;15/03/2024;57734.33;56650.0;Aquisição de ares-condicionados, para suprir as necessidades de diversos setores da Prefeitura Municipal de Riolândia-SP, com entrega parcelada pelo p;11/03/2024;15/03/2024;;N;Art. 75, II, Lei 14.133/2021;1084.3300000000017;0.018781373231489856
000025/24;25.0;PREGÃO PRESENCIAL;24;8;Homologada  ;02/04/2024;1013854.0;324230.0;Registro de Preço para aquisições de fraldas descartáveis, infantil e geriátrica, para suprir a demanda dos Setores da Educação e Saúde do Município d;14/03/2024;02/04/2024;;S;;689624.0;0.6802005022419402
000024/24;24.0;DISPENSA;24;11;Homologada  ;14/03/2024;59583.96;58560.0;Contratação de empresa especializada na prestação de serviços médicos de psiquiatria, com objetivo de atender a demanda reprimida do município de Riol;22/02/2024;14/03/2024;;N;Art. 75, II, Lei 14.133/2021;1023.9599999999991;0.017185161912702664
000023/24;23.0;DISPENSA;24;10;Homologada  ;14/03/2024;10900.0;9900.0;Contratação de empresa de engenharia especializada na prestação de serviços de higienização de caixas d' água e controle de vetores e pragas, para ate;07/03/2024;14/03/2024;;N;Art. 75, II, Lei 14.133/2021;1000.0;0.09174311926605505
000022/24;22.0;PREGÃO PRESENCIAL;24;7;Homologada  ;27/03/2024;3581908.0;2735810.0;Registro de preço para aquisição de gêneros alimentícios perecíveis para atendimento às necessidades do serviço de merenda escolar da Rede Municipal d;12/03/2024;27/03/2024;;S;;846098.0;0.2362143304629823
000020/24;20.0;DISPENSA;24;9;Homologada  ;04/03/2024;43048.56;42000.0;Aquisição de caçambas, para atender as necessidades do Município de Riolândia-SP, conforme especificações técnicas e quantidades contidas no Anexo I -;20/02/2024;04/03/2024;;N;Art. 75, II, Lei 14.133/2021;1048.5599999999977;0.024357609174383482
000019/24;19.0;PREGÃO ELETRÔNICO (PORTAL DE COMPRAS);24;6;Homologada  ;21/03/2024;78009.6;66348.0;Registro de Preço de empresa especializada na prestação de serviços de coleta, transporte, tratamento e destinação final dos resíduos gerados pelo set;01/03/2024;21/03/2024;;S;Art. 28, Lei 14.133/2021;11661.600000000006;0.1494892936254
000018/24;18.0;DISPENSA;24;8;Homologada  ;01/03/2024;55421.67;52475.0;Contratação de empresa especializada no fornecimento de playground com cobertura, para atender as necessidades da CEMEI Prof. Vilma Aidar de Carvalho ;20/02/2024;01/03/2024;;N;Art. 75, II, Lei 14.133/2021;2946.6699999999983;0.05316819215299717
000017/24;17.0;PREGÃO PRESENCIAL;24;5;Homologada  ;14/03/2024;0.0;61500.0;Permissão de uso a titulo oneroso, em caráter temporário, de uma área de aproximadamente 25.000,00 m², sem benfeitorias, na Praia Artificial do Municí;29/02/2024;14/03/2024;;N;;-61500.0;0.0
000016/24;16.0;PREGÃO PRESENCIAL;24;4;Homologada  ;13/03/2024;10499547.5;10499547.5;Registro de preço para eventuais aquisições de medicamentos não contidos na Relação Municipal de Medicamentos Essenciais (REMUME), objetivando o maior;28/02/2024;13/03/2024;;S;;0.0;0.0
000015/24;15.0;DISPENSA;24;7;Homologada  ;29/02/2024;32094.0;30060.0;Contratação de empresa especializada no fornecimento de ovos de Páscoa, para atender as necessidades do Fundo Social de Solidariedade de Riolândia, co;20/02/2024;29/02/2024;;N;Art. 75, II, Lei 14.133/2021;2034.0;0.0633763320246775
000014/24;14.0;DISPENSA;24;6;Homologada  ;20/02/2024;119361.52;117263.25;Contratação de empresa especializada em execução de serviços de “ Tapa Buraco ” em concreto asfaltico, para atender as necessidades de diversas vias d;11/01/2024;20/02/2024;;N;Art. 75, I, Lei 14.133/2021;2098.270000000004;0.01757911594959585
000013/24;13.0;DISPENSA;24;5;Homologada  ;20/02/2024;116471.39;110557.0;Contratação de empresa especializada em construção de “sarjetão” em concreto armado, para atender as necessidades de diversas vias do Município de Rio;11/01/2024;20/02/2024;;N;Art. 75, I, Lei 14.133/2021;5914.389999999999;0.0507797666019097
000012/24;12.0;DISPENSA;24;4;Homologada  ;07/02/2024;40500.0;40500.0;Contratação de empresa especializada na instalação de equipamentos de combate e prevenção de incêndio, incluso materiais e mão de obra, visando atende;01/02/2024;07/02/2024;;N;Art. 75, II, Lei 14.133/2021;0.0;0.0
000011/24;11.0;PREGÃO PRESENCIAL;24;3;Homologada  ;21/02/2024;214224.25;130100.0;Contratação de empresa especializada em fornecimento de estrutura técnica e operacional e outros serviços, visando a realização do tradicional evento ;01/02/2024;21/02/2024;;N;;84124.25;0.3926924706236572
000010/24;10.0;DISPENSA;24;3;Homologada  ;01/02/2024;46612.2;42000.0;Aquisição de carteiras / conjuntos escolares, para atender as necessidades da Rede Municipal de Ensino do Município de Riolândia-SP, conforme especifi;12/01/2024;01/02/2024;;N;Art. 75, II, Lei 14.133/2021;4612.199999999997;0.09894834399577787
000009/24;9.0;PREGÃO PRESENCIAL;24;2;Homologada  ;20/02/2024;130499.4;119900.0;Registro de Preço de clínica veterinária ou hospital veterinário, para realização de serviço especializado de esterilização de animais machos e fêmeas;25/01/2024;20/02/2024;;S;;10599.399999999994;0.08122182937239554
000008/24;8.0;DISPENSA;24;2;Homologada  ;26/01/2024;51700.0;49300.0;contratação de serviços de termonebulização espacial (fumacê) e termonebulização em toda a rede esgoto do Município de Riolândia-SP, compreendendo as ;16/01/2024;26/01/2024;;N;Art. 75, II, Lei 14.133/2021;2400.0;0.04642166344294004
000007/24;7.0;PREGÃO PRESENCIAL;24;1;Homologada  ;08/02/2024;830678.56;531138.46;Registro de Preço para eventuais aquisições de gêneros de consumo, utensílios e equipamentos, para atendimento às necessidades de diversos setores da ;19/01/2024;08/02/2024;;S;;299540.1000000001;0.3605968835887615
000006/24;6.0;CONCORRÊNCIA;24;1;Homologada  ;08/02/2024;780482.61;726406.0;Contratação de empresa especializada em execução de obras de recapeamento asfáltico, para realização em vias do Municipio de Riolândia/SP, com forneci;15/01/2024;19/02/2024;;N;;54076.609999999986;0.06928611772656919
000005/24;5.0;DISPENSA;24;1;Homologada  ;12/01/2024;27975.0;0.0;Contratação de empresa especializada na prestação de serviços de planejamento e execução de Concurso Público e Processo Seletivo Simplificado, para pr;03/01/2024;12/01/2024;;N;Art. 75, II, Lei 14.133/2021;27975.0;1.0
000004/24;4.0;DISPENSA;24;1;Homologada  ;15/02/2024;778644.0;778638.0;Aquisição de gêneros alimentícios diretamente da agricultura familiar e do empreendedor familiar rural, destinados a merenda escolar do Município de R;11/01/2024;15/02/2024;;N;Chamada Publica - Lei Federal 11.947/2009;6.0;7.705703761924577e-06
000003/24;3.0;INEXIGIBILIDADE;24;3;Homologada  ;10/01/2024;95000.0;95000.0;Contratação de profissional do setor artístico para realização de show para as festividades do Aniversário do Município de Riolândia-SP, que ocorrerá ;03/01/2024;10/01/2024;;N;Art. 74, II, Lei 14.133/2021;0.0;0.0
000002/24;2.0;INEXIGIBILIDADE;24;2;Homologada  ;09/01/2024;75000.0;75000.0;Contratação de profissional do setor artístico para realização de show para as festividades do Aniversário do Município de Riolândia-SP, que ocorrerá ;03/01/2024;09/01/2024;;N;Art. 74, II, Lei 14.133/2021;0.0;0.0
000001/24;1.0;INEXIGIBILIDADE;24;1;Homologada  ;09/01/2024;630000.0;630000.0;Contratação de profissional do setor artístico para realização de show para as festividades do Aniversário do Município de Riolândia-SP, que ocorrerá ;03/01/2024;09/01/2024;;N;Art. 74, II, Lei 14.133/2021;0.0;0.0
000136/25;136.0;DISPENSA;25;62;Homologada  ;18/12/2025;1035789.6;952506.0;Adesão a ATA DE REGISTRO DE PREÇOS, ORIGINÁRIA DO PREGÃO ELETRÔNICO Nº 10/2024 - EDITAL Nº 14/2024 - PROCESSO Nº 133/2024, firmada entre a empresa C&F;17/11/2025;18/12/2025;S;S;Art. 86, § 2º, Lei 14.133/2021;83283.59999999998;0.08040590482854817
000135/25;135.0;INEXIGIBILIDADE;25;17;Encerrada   ;11/12/2025;22000.0;22000.0;Contratação de profissional do Setor Artístico para realização de show na tradicional Comemoração de Fim de Ano do Município de Riolândia/SP, que ocor;10/12/2025;22/12/2025;;N;Art. 74, II, Lei 14.133/2021;0.0;0.0
000134/25;134.0;DISPENSA;25;61;Encerrada   ;09/12/2025;56942.67;55000.0;Contratação de empresa especializada na locação de palco, som e iluminação para atender integralmente aos riders técnicos dos artistas contratados par;01/12/2025;09/12/2025;;N;Art. 75, II, Lei 14.133/2021;1942.6699999999983;0.034116243583239045
000133/25;133.0;PREGÃO ELETRÔNICO (PORTAL DE COMPRAS);25;46;Homologada  ;22/12/2025;609182.12;397000.0;Registro de Preço para aquisição de computadores e notebooks, visando atender às necessidades de diversos setores da Prefeitura Municipal de Riolândia;09/12/2025;05/01/2026;;S;Art. 28, inciso I, Lei 14.133/2021;212182.12;0.3483065458323038
000132/25;132.0;DISPENSA;25;60;Homologada  ;08/12/2025;1031287.25;981211.03;Adesão a Ata de Registro de Preços nº 006/2024, ref. CONCORRÊNCIA PRESENCIAL Nº 003/2024, PROCESSO LICITATÓRIO Nº 010/2024, firmada entre a empresa NO;01/12/2025;08/12/2025;S;S;Art. 86, § 2º, Lei 14.133/2021;50076.21999999997;0.0485570048500066
000131/25;131.0;PREGÃO ELETRÔNICO (PORTAL DE COMPRAS);25;45;Anulada     ;16/12/2025;667336.8;0.0;Registro de Preço para Aquisição de conjuntos de carteiras e cadeiras escolares para atender as necessidades das escolas Ruy Malachias e Maria Apareci;02/12/2025;15/12/2025;;S;Art. 28, Lei 14.133/2021;667336.8;1.0
000130/25;130.0;CONCORRÊNCIA ELETRÔNICA (PORTAL DE COMPRAS);25;8;Homologada  ;18/12/2025;237415.81;236000.0;Contratação de empresa especializada em Execução de serviços de reforma completa do Centro de Fisioterapia, incluindo revestimentos internos e externo;03/12/2025;18/12/2025;;N;Art. 28, Lei 14.133/2021;1415.8099999999977;0.005963419201105426
000129/25;129.0;PREGÃO PRESENCIAL;25;44;Homologada  ;09/12/2025;526763.5;324313.8;Registro de Preço para aquisição de gêneros alimentícios não perecíveis para atendimento das necessidades do serviço da Merenda Escolar da Rede Públic;26/11/2025;09/12/2025;;S;Art. 28, inciso I, Lei 14.133/2021;202449.7;0.38432750181058484
000128/25;128.0;PREGÃO ELETRÔNICO (PORTAL DE COMPRAS);25;43;Homologada  ;05/12/2025;686666.67;686666.67;Aquisição de motoniveladora nova, zero quilômetro, para uso em serviços de terraplanagem, nivelamento e manutenção de vias do município de Riolândia/S;17/11/2025;05/12/2025;;N;Art. 28, Lei 14.133/2021;0.0;0.0
000127/25;127.0;INEXIGIBILIDADE;25;16;Encerrada   ;17/11/2025;1522453.96;1522453.96;Contratação de Escritório de Advocacia e Consultoria Jurídica para geração de receitas próprias referentes a Recuperação de Crédito Previdenciário sob;17/11/2025;25/11/2025;;N;Art. 74, III, Lei 14.133/2021;0.0;0.0
000126/25;126.0;PREGÃO ELETRÔNICO (PORTAL DE COMPRAS);25;42;Homologada  ;01/12/2025;1311648.53;389400.0;Registro de Preço para Aquisição de equipamentos e materiais de informática, visando atender às necessidades de diversos setores da Prefeitura Municip;12/11/2025;08/12/2025;;S;Art. 28, inciso I, Lei 14.133/2021;922248.53;0.7031216891616537
000125/25;125.0;PREGÃO ELETRÔNICO (PORTAL DE COMPRAS);25;41;Homologada  ;28/11/2025;664488.33;565000.0;Aquisição de veículos novos, zero km, sendo 3 carros tipo hatch e um utilitário tipo van, para atender as necessidades do Setor da Saúde e Assistência;13/11/2025;09/12/2025;;N;Art. 28, inciso I, Lei 14.133/2021;99488.32999999996;0.14972171144074112
000124/25;124.0;DISPENSA;25;59;Homologada  ;12/11/2025;448221.8;448221.8;ACERVO PEDAGOGICO;17/10/2025;12/11/2025;S;S;Art. 86, § 2º, Lei 14.133/2021;0.0;0.0
000123/25;123.0;CONCORRÊNCIA ELETRÔNICA (PORTAL DE COMPRAS);25;7;Homologada  ;27/11/2025;237415.81;0.0;Contratação de empresa especializada em Execução de serviços de reforma completa do Centro de Fisioterapia, incluindo revestimentos internos e externo;06/11/2025;03/12/2025;;N;Art. 28, Lei 14.133/2021;237415.81;1.0
000122/25;122.0;INEXIGIBILIDADE;25;15;Encerrada   ;14/11/2025;205000.0;205000.0;SHOW DO PANDA;05/11/2025;19/11/2025;;N;Art. 74, II, Lei 14.133/2021;0.0;0.0
000121/25;121.0;INEXIGIBILIDADE;25;15;Encerrada   ;14/11/2025;28000.0;28000.0;SHOW DE MATHEUS MINAS E LEANDRO;05/11/2025;19/11/2025;;N;Art. 74, II, Lei 14.133/2021;0.0;0.0
000119/25;119.0;PREGÃO ELETRÔNICO (PORTAL DE COMPRAS);25;40;Homologada  ;06/11/2025;950603.0;487345.0;Registro de Preço para aquisições de leites especiais e suplementos alimentares, para suprir a demanda da Saúde e da Merenda Escolar da Prefeitura Mun;20/10/2025;19/11/2025;;S;Art. 28, inciso I, Lei 14.133/2021;463258.0;0.4873306732673892
000118/25;118.0;PREGÃO ELETRÔNICO (PORTAL DE COMPRAS);25;39;Homologada  ;04/11/2025;200974.5;184000.0;Aquisição de uma ambulância para uso exclusivo no atendimento assistencial e ao transporte de pacientes do Setor de Saúde da Prefeitura Municipal de R;17/10/2025;04/11/2025;;N;Art. 28, inciso I, Lei 14.133/2021;16974.5;0.08446096395313833
000117/25;117.0;DISPENSA;25;58;Homologada  ;15/10/2025;960962.43;943317.81;Adesão a Ata de Registro de Preços nº 017/2024, ref. Concorrência Presencial nº 004/2024, Processo Licitatório nº 017/2024, firmada entre a empresa NO;02/10/2025;15/10/2025;S;S;Art. 86, § 2º, Lei 14.133/2021;17644.619999999995;0.018361404618076477
000116/25;116.0;DISPENSA;25;57;Homologada  ;15/10/2025;537728.76;527797.61;Adesão a Ata de Registro de Preços nº 017/2024, ref. Concorrência Presencial nº 004/2024, Processo Licitatório nº 017/2024, firmada entre a empresa NO;02/10/2025;15/10/2025;S;S;Art. 86, § 2º, Lei 14.133/2021;9931.150000000023;0.018468697861724975
000115/25;115.0;PREGÃO PRESENCIAL;25;38;Homologada  ;31/10/2025;385069.3;348700.0;Registro de Preço para Contratação de empresa especializada em fornecimento de Oxigênio Medicinal em sistema de comodato dos cilindros, para atender o;13/10/2025;31/10/2025;;S;;36369.29999999999;0.09444871351728115
000114/25;114.0;DISPENSA;25;56;Homologada  ;14/10/2025;35880.0;28580.0;Aquisição de 1.000 kits para citologia em base líquida (instrumentos para coleta e armazenamento de amostra, insumos e reagentes necessários para o pr;08/10/2025;14/10/2025;;N;Art. 75, II, Lei 14.133/2021;7300.0;0.20345596432552954
000113/25;113.0;CONCORRÊNCIA ELETRÔNICA;25;6;Em Andamento;12/02/2026;2774193.99;0.0;Contratação Integrada de Empresa ou Consórcio especializado para a elaboração do Projeto Básico e Projeto Executivo, Execução de Obras e Serviços de E;05/11/2025;;;N;Art. 28, Lei 14.133/2021;2774193.99;1.0
000112/25;112.0;DISPENSA;25;55;Encerrada   ;10/10/2025;33936.0;19680.0;Aquisição de filé de tilápia para atender as necessidades da Merenda Escolar da Rede Municipal de Ensino do Município de Riolândia/SP, com entrega par;06/10/2025;10/10/2025;;N;Art. 75, II, Lei 14.133/2021;14256.0;0.4200848656294201
000111/25;111.0;DISPENSA;25;54;Homologada  ;10/10/2025;16230.51;15382.04;Aquisição de gêneros alimentícios e refrigerantes, com entrega imediata, para às festividades em comemoração ao Dia das Crianças, promovidas pelo Fund;01/10/2025;10/10/2025;;N;Art. 75, II, Lei 14.133/2021;848.4699999999993;0.0522762377768782
000110/25;110.0;PREGÃO ELETRÔNICO (PORTAL DE COMPRAS);25;37;Homologada  ;23/10/2025;1259104.0;238770.0;Registro de Preços para a Aquisição de Fraldas Descartáveis (infantis e geriátricas), para suprir as demandas da Coordenadoria Municipal da Educação e;07/10/2025;18/11/2025;;S;Art. 28, Lei 14.133/2021;1020334.0;0.81036514855008
000109/25;109.0;DISPENSA;25;53;Homologada  ;30/09/2025;9466.66;9000.0;Aquisição de Bebedouros Industrial, com entrega imediata, para atender as necessidades da escola Ruy Malachias do Município de Riolândia/SP, conforme ;19/09/2025;30/09/2025;;N;Art. 75, II, Lei 14.133/2021;466.65999999999985;0.04929510513739797
000108/25;108.0;DISPENSA;25;52;Homologada  ;25/09/2025;808026.66;808026.66;Adesão a Ata de Registro de Preços nº 006/2024, ref. Concorrência Presencial nº 003/2024, Processo Licitatório nº 010/2024, firmada entre a empresa NO;10/09/2025;25/09/2025;S;S;Art. 86, § 2º, Lei 14.133/2021;0.0;0.0
000107/25;107.0;PREGÃO PRESENCIAL;25;36;Homologada  ;10/10/2025;503300.0;400000.0;Registro de Preço de empresa especializada na realização de oficinas de atividades socioeducativas no âmbito dos programas da Assistência Social do Mu;25/09/2025;17/10/2025;;S;;103300.0;0.20524538048877408
000106/25;106.0;PREGÃO ELETRÔNICO (PORTAL DE COMPRAS);25;35;Homologada  ;07/10/2025;5464500.0;5464500.0;Registro de Preço para a contratação de empresa(s) especializada(s) no fornecimento de combustíveis, para abastecimento direto da frota municipal do M;22/09/2025;07/10/2025;;S;Art. 28, Lei 14.133/2021;0.0;0.0
000104/25;104.0;DISPENSA;25;50;Homologada  ;22/09/2025;202372.9;202372.9;Adesão a Ata de Registro de Preços nº 017/2024, ref. Concorrência Presencial nº 004/2024, Processo Licitatório nº 017/2024, firmada entre a empresa NO;10/09/2025;22/09/2025;S;S;Art. 86, § 2º, Lei 14.133/2021;0.0;0.0
000103/25;103.0;PREGÃO ELETRÔNICO (PORTAL DE COMPRAS);25;34;Homologada  ;14/10/2025;4084218.0;3955000.0;Registro de Preço para aquisições de materiais de higiene e limpeza, para suprir a demanda de diversos setores da Prefeitura Municipal de Riolândia-SP;05/09/2025;14/10/2025;;S;Art. 28, Lei 14.133/2021;129218.0;0.03163836994009624
000102/25;102.0;PREGÃO PRESENCIAL;25;33;Homologada  ;19/09/2025;233800.0;221000.0;: Registro de Preço para Contratação de empresa especializada em serviços de solda preventiva e corretiva em veículos, maquinários e mobiliários, para;03/09/2025;19/09/2025;;S;Art. 28, Lei 14.133/2021;12800.0;0.05474764756201882
000101/25;101.0;PREGÃO PRESENCIAL;25;32;Homologada  ;12/09/2025;185400.0;108000.0;Contratação de empresa especializada na Prestação de Serviços Médicos na especialidade de Dermatologia, a fim;25/08/2025;19/09/2025;;N;Art. 28, Lei 14.133/2021;77400.0;0.4174757281553398
000099/25;99.0;DISPENSA ELETRÔNICA (PORTAL DE COMPRAS);25;49;Encerrada   ;29/08/2025;29824.2;22552.0;Aquisição de cadeiras, mesas, lixeiras, ares-condicionados e armários, com entrega imediata, para atender as necessidades da USF Silmara Rodrigues de ;21/08/2025;29/09/2025;;N;Art. 75, II, Lei 14.133/2021;7272.200000000001;0.24383554294834398
000098/25;98.0;DISPENSA ELETRÔNICA (PORTAL DE COMPRAS);25;48;Encerrada   ;29/08/2025;59602.5;38691.0;Aquisição de computadores, com entrega imediata, para atender as necessidades da USF Silmara Rodrigues de Paulo do Município de Riolândia/SP, conforme;21/08/2025;29/09/2025;;N;Art. 75, II, Lei 14.133/2021;20911.5;0.35084937712344283
000097/25;97.0;DISPENSA;25;47;Homologada  ;14/08/2025;269482.01;252073.07;A Adesão Ata de Registro de Preços nº 017/2024, ref. Concorrência Presencial nº 004/2024, Processo Licitatório nº 017/2024 tem por objeto a execução d;25/07/2025;14/08/2025;S;S;Art. 86, § 2º, Lei 14.133/2021;17408.940000000002;0.06460149232225187
000096/25;96.0;DISPENSA;25;46;Encerrada   ;11/08/2025;61719.96;58690.0;Contratação de empresa especializada em prestação de serviços de Ouvidoria, com plataforma de canais de atendimento, fornecimento de relatórios, telec;05/08/2025;14/08/2025;;N;Art. 75, II, Lei 14.133/2021;3029.959999999999;0.04909206033186021
000095/25;95.0;CONCORRÊNCIA;25;5;Deserta     ;25/08/2025;12000.0;0.0;Concessão de Uso de Espaço Público, a título oneroso, das dependências destinadas à lanchonete localizada na Praia Municipal de Riolândia, para a expl;12/08/2025;25/08/2025;;N;Art. 28, Lei 14.133/2021;12000.0;1.0
000094/25;94.0;PREGÃO ELETRÔNICO (PORTAL DE COMPRAS);25;31;Homologada  ;20/08/2025;567360.0;267766.0;Registro de Preço para aquisições de produtos de panificação, para suprir as necessidades dos diversos setores da Prefeitura Municipal de Riolândia, c;06/08/2025;20/08/2025;;S;Art. 28, Lei 14.133/2021;299594.0;0.5280492103778905
000093/25;93.0;DISPENSA;25;45;Encerrada   ;07/07/2025;10299.96;9800.0;Contratação de empresa especializada para a aquisição e instalação de mesas e bancos em ardósia para a escola Ruy Malachias do Município de Riolândia/;23/06/2025;09/07/2025;;N;Art. 75, II, Lei 14.133/2021;499.9599999999991;0.048539994330074984
000092/25;92.0;PREGÃO ELETRÔNICO (PORTAL DE COMPRAS);25;30;Homologada  ;13/08/2025;999952.5;327812.5;Registro de Preço para aquisições de bobinas de plástico para sacos de lixo, para suprir a demanda de diversos setores da Prefeitura Municipal de Riol;29/07/2025;20/08/2025;;S;Art. 28, Lei 14.133/2021;672140.0;0.6721719281665879
000091/25;91.0;DISPENSA;25;44;Encerrada   ;31/07/2025;36610.0;33330.0;Contratação de empresa especializada em pintura e funilaria automotiva para execução de manutenção e revitalização completa de um ônibus do Setor de A;21/07/2025;31/07/2025;;N;Art. 75, II, Lei 14.133/2021;3280.0;0.08959300737503414
000090/25;90.0;DISPENSA;25;43;Encerrada   ;24/07/2025;16420.0;15000.0;Contratação de empresa especializada na montagem e instalação de sombrites, com execução imediata, para cobertura na USF Dr. Antônio Carlos Rodrigues ;11/07/2025;24/07/2025;;N;Art. 75, II, Lei 14.133/2021;1420.0;0.08647990255785627
000089/25;89.0;CONCORRÊNCIA ELETRÔNICA (PORTAL DE COMPRAS);25;4;Homologada  ;07/08/2025;606577.54;494500.0;Contratação de empresa especializada em Execução de Obras para construção de ponte de concreto armado na Estrada Municipal RLD-030, Córrego Cuiabano, ;22/07/2025;15/08/2025;;N;Art. 28, Lei 14.133/2021;112077.54000000004;0.1847703427990427
000088/25;88.0;CONCORRÊNCIA;25;3;Deserta     ;31/07/2025;15800.04;0.0;Concessão de Uso de Espaço Público, a título oneroso, das dependências destinadas à lanchonete localizada na Praia Municipal de Riolândia, para a expl;15/07/2025;31/07/2025;;N;Art. 28, Lei 14.133/2021;15800.04;1.0
000087/25;87.0;DISPENSA ELETRÔNICA (PORTAL DE COMPRAS);25;42;Encerrada   ;23/07/2025;24542.14;16280.0;Aquisição de mesas, cadeiras e armário, com entrega imediata, para atender as necessidades da USF Dr. Antônio Carlos Rodrigues do Município de Riolând;11/07/2025;24/07/2025;;N;Art. 75, II, Lei 14.133/2021;8262.14;0.33665116407941603
000086/25;86.0;PREGÃO PRESENCIAL;25;29;Homologada  ;25/07/2025;460299.24;444039.96;Registro de Preço para a contratação de serviços especializados de produção audiovisual, compreendendo a produção, a captação, a edição e a gravação d;10/07/2025;25/07/2025;;S;Art. 28, Lei 14.133/2021;16259.27999999997;0.035323282306527315
000085/25;85.0;PREGÃO PRESENCIAL;25;28;Homologada  ;24/07/2025;896866.26;164941.3;Registro de Preço de serviços de borracharia para manutenção da frota da Prefeitura Municipal de Riolândia-SP, com execução parcelada pelo período de ;03/07/2025;24/08/2025;;S;Art. 28, inciso I, Lei 14.133/2021;731924.96;0.8160915318634018
000084/25;84.0;DISPENSA ELETRÔNICA (PORTAL DE COMPRAS);25;41;Encerrada   ;14/07/2025;39600.0;31200.0;Aquisição de loções repelentes, com entrega imediata, para atender as necessidades do Setor de Saúde e de Controle de Endemias do Município de Riolând;27/06/2025;21/07/2025;;N;Art. 75, II, Lei 14.133/2021;8400.0;0.21212121212121213
000083/25;83.0;PREGÃO PRESENCIAL;25;27;Homologada  ;17/07/2025;382850.0;378050.0;Registro de Preço para aquisição de laticínios, para atendimento às necessidades do serviço de Merenda Escolar da Rede Municipal de Ensino e programas;30/06/2025;17/07/2025;;S;Art. 28, Lei 14.133/2021;4800.0;0.012537547342301163
000081/25;81.0;INEXIGIBILIDADE;25;12;Homologada  ;01/07/2025;135000.0;135000.0;Contratação de profissional do setor artístico para realização de show na tradicional Festa do Peão do Município de Riolândia-SP, que ocorrerá nos dia;25/06/2025;01/07/2025;;N;Art. 74, II, Lei 14.133/2021;0.0;0.0
000080/25;80.0;INEXIGIBILIDADE;25;11;Homologada  ;01/07/2025;200000.0;200000.0;Contratação de profissional do setor artístico para realização de show na tradicional Festa do Peão do Município de Riolândia-SP, que ocorrerá nos dia;25/06/2025;01/07/2025;;N;Art. 74, II, Lei 14.133/2021;0.0;0.0
000079/25;79.0;PREGÃO PRESENCIAL;25;26;Homologada  ;21/07/2025;989244.04;826429.09;A presente contratação tem como objeto o Registro de Preços para fornecimento de Gêneros Alimentícios Perecíveis e Não Perecíveis para atender as nece;18/06/2025;25/07/2025;;S;Art. 28, inciso I, Lei 14.133/2021;162814.95000000007;0.16458522206512366
000078/25;78.0;PREGÃO PRESENCIAL;25;25;Homologada  ;09/07/2025;476092.35;467043.0;Registro de Preço de empresa especializada no fornecimento de toners, cartuchos e cilindros, para suprir as necessidades de diversos setores da Prefei;18/06/2025;09/07/2025;;S;Art. 28, Lei 14.133/2021;9049.349999999977;0.0190075517911598
000077/25;77.0;DISPENSA;25;40;Encerrada   ;25/06/2025;18446.67;15965.0;Contratação de empresa especializada para a substituição de lonas e pintura de ferragens para manutenção de toldos na escola Ruy Malachias do Municípi;11/06/2025;25/06/2025;;N;Art. 75, II, Lei 14.133/2021;2481.6699999999983;0.13453214048931317
000076/25;76.0;DISPENSA;25;39;Encerrada   ;23/06/2025;33200.04;27600.0;Contratação de empresa especializada em prestação de serviços especializados para suporte técnico e estratégico à gestão municipal de saúde, com foco ;11/06/2025;23/06/2025;;N;Art. 75, II, Lei 14.133/2021;5600.040000000001;0.16867570039072244
000075/25;75.0;PREGÃO ELETRÔNICO (PORTAL DE COMPRAS);25;24;Homologada  ;02/07/2025;110163.33;109500.0;Aquisição de um veículo novo, zero quilômetro, para uso exclusivo no atendimento das demandas administrativas e operacionais do Setor de Saúde da Pref;12/06/2025;02/07/2025;;N;Art. 28, inciso I, Lei 14.133/2021;663.3300000000017;0.006021332143826823
000074/25;74.0;PREGÃO ELETRÔNICO (PORTAL DE COMPRAS);25;23;Homologada  ;04/07/2025;235875.0;162000.0;Contratação de empresa para a aquisição e execução dos serviços de retirada e instalação de Grama Sintética esportiva conforme especificações técnicas;12/06/2025;04/07/2025;;N;Art. 28, inciso I, Lei 14.133/2021;73875.0;0.31319554848966613
000073/25;73.0;DISPENSA;25;38;Homologada  ;09/06/2025;167011.75;156098.86;Adesão a Ata de Registro de Preços nº 016/2024, ref. Pregão Eletrônico nº 009/2024, Processo Licitatório nº 015/2024, firmada entre a empresa C&F Empr;28/04/2025;09/06/2025;S;S;Art. 86, § 2º, Lei 14.133/2021;10912.890000000014;0.06534204928695145
000072/25;72.0;DISPENSA;25;37;Encerrada   ;10/07/2025;28333.33;20000.0;Contratação de empresa especializada em Auditoria Jurídica e Contábil para a execução de Auditoria Independente durante todo o Processo de Execução do;02/06/2025;10/07/2025;;N;Art. 75, II, Lei 14.133/2021;8333.330000000002;0.2941175640138311
000071/25;71.0;PREGÃO ELETRÔNICO (PORTAL DE COMPRAS);25;22;Homologada  ;26/06/2025;127100.4;122010.0;Registro de Preço para eventuais aquisições de areia grossa, areia fina, pedra britada 1 e pedrisco, para suprir as necessidades de diversos setores d;05/06/2025;26/07/2025;;S;Art. 28, Lei 14.133/2021;5090.399999999994;0.040050228008723765
000070/25;70.0;INEXIGIBILIDADE;25;10;Encerrada   ;10/06/2025;1350.0;1350.0;Locação de imóvel residencial no Município de Riolândia-SP, para conceder aluguel social pelo período de 3 (três) meses, visando atender família acolh;09/06/2025;10/06/2025;;N;Art. 74, V, Lei 14.133/2021;0.0;0.0
000069/25;69.0;INEXIGIBILIDADE;25;9;Encerrada   ;09/06/2025;33895.99;33895.99;Contratação de Empresa especializada em Auditoria de Obras Públicas para execução de Auditoria Independente, durante todo o Processo de Execução do pr;09/06/2025;08/07/2025;;N;Art. 74, III, Lei 14.133/2021;0.0;0.0
000068/25;68.0;DISPENSA;25;36;Encerrada   ;27/05/2025;20520.0;19800.0;Contratação de empresa especializada em ministrar aulas de dança de salão para o público da melhor idade do município de Riolândia/SP, pelo período de;20/05/2025;30/05/2025;;N;Art. 75, II, Lei 14.133/2021;720.0;0.03508771929824561
000067/25;67.0;PREGÃO PRESENCIAL;25;21;Homologada  ;12/06/2025;263833.5;257250.0;Registro de preço para eventuais aquisições de gás liquefeito de petróleo - GLP (P-13 e P-45), para suprir as necessidades dos diversos setores da Pre;27/05/2025;12/06/2025;;S;Art. 28, Lei 14.133/2021;6583.5;0.024953237553229594
000066/25;66.0;PREGÃO PRESENCIAL;25;20;Homologada  ;09/06/2025;892401.97;497236.78;Registro de Preço para eventuais aquisições de gêneros de consumo, utensílios e equipamentos, para atendimento às necessidades de diversos setores da ;23/05/2025;09/06/2025;;S;Art. 28, Lei 14.133/2021;395165.18999999994;0.44281075488885346
000065/25;65.0;PREGÃO PRESENCIAL;25;19;Homologada  ;11/06/2025;819164.88;615900.0;Registro de Preços para contratação de empresa especializada no fornecimento de estrutura técnica, operacional e outros serviços e locações, visando a;27/05/2025;11/06/2025;;S;Art. 28, Lei 14.133/2021;203264.88;0.24813671211099772
000064/25;64.0;DISPENSA ELETRÔNICA (PORTAL DE COMPRAS);25;35;Encerrada   ;27/05/2025;58533.33;30000.0;Contratação de serviços de termonebulização espacial (fumacê) e termonebulização em toda a rede esgoto do Município de Riolândia-SP, compreendendo as ;19/05/2025;30/05/2025;;N;Art. 75, II, Lei 14.133/2021;28533.33;0.4874714970086274
000063/25;63.0;DISPENSA;25;34;Encerrada   ;19/05/2025;4783.5;4130.0;Aquisição de um switch e um rack de parede para a escola Ruy Malachias, com entrega imediata, conforme descrições constantes no Anexo I - Termo de Ref;09/05/2025;20/05/2025;;N;Art. 75, II, Lei 14.133/2021;653.5;0.13661544893906136
000062/25;62.0;PREGÃO PRESENCIAL;25;18;Homologada  ;29/05/2025;1525466.45;1082523.0;Registro de Preço para eventuais aquisições de óleo lubrificante, graxa e fluído para freio, para a manutenção da frota de veículos, máquinas e equipa;12/05/2025;29/05/2025;;S;Art. 28, Lei 14.133/2021;442943.44999999995;0.2903659074245782
000061/25;61.0;DISPENSA;25;33;Encerrada   ;13/05/2025;59424.63;57998.9;Contratação de empresa especializada para a realização de ações da Rede Municipal de Ensino e demais secretarias municipais a explicitação, por meio d;06/05/2025;13/05/2025;;N;Art. 75, II, Lei 14.133/2021;1425.729999999996;0.02399224025458797
000060/25;60.0;CONCORRÊNCIA ELETRÔNICA (PORTAL DE COMPRAS);25;2;Homologada  ;29/05/2025;993119.61;986000.0;Contratação de empresa especializada em Execução de Obras para realização de Revitalização Urbanística em Praça no Município de Riolândia/SP, com forn;09/05/2025;27/06/2025;;N;Art. 28, Lei 14.133/2021;7119.609999999986;0.007168935069160488
000059/25;59.0;PREGÃO ELETRÔNICO (PORTAL DE COMPRAS);25;17;Homologada  ;23/05/2025;202166.0;177500.0;Registro de Preços visando a contratação de empresa especializada na confecção e entrega de Próteses Dentárias para atender às necessidades da rede de;08/05/2025;23/05/2025;;S;Art. 28, Lei 14.133/2021;24666.0;0.12200864635992205
000058/25;58.0;PREGÃO PRESENCIAL;25;16;Homologada  ;21/05/2025;3768729.2;1826694.5;Registro de preço para aquisições de medicamentos contidos na Relação Municipal de Medicamentos Essenciais (REMUME), para atender as unidades de saúde;06/05/2025;21/05/2025;;S;Art. 28, Lei 14.133/2021;1942034.7000000002;0.5153022668755293
000057/25;57.0;DISPENSA;25;32;Encerrada   ;06/05/2025;22207.93;21678.0;Aquisição de materiais de artesanato, brinquedos pedagógicos e materiais de papelaria diversos destinados a atividades educativas para a Escola Ruy Ma;28/04/2025;06/05/2025;;N;Art. 75, II, Lei 14.133/2021;529.9300000000003;0.023862196971982542
000056/25;56.0;DISPENSA;25;31;Encerrada   ;25/04/2025;13866.67;11900.0;Contratação de empresa especializada em consultoria para a implantação e operacionalização da PNAB - Política Nacional Aldir Blanc (Lei nº 14.399/2022;22/04/2025;30/04/2025;;N;Art. 75, II, Lei 14.133/2021;1966.67;0.14182712936847852
000055/25;55.0;PREGÃO PRESENCIAL;25;15;Homologada  ;15/05/2025;164163.42;143664.0;Registro de Preços para a Aquisição de Rações Caninas visando atender a demanda do Setor Veterinário e Canil Municipal do Município de Riolândia/SP, c;25/04/2025;15/05/2025;;S;;20499.420000000013;0.1248720330022365
000054/25;54.0;PREGÃO ELETRÔNICO (PORTAL DE COMPRAS);25;14;Homologada  ;13/05/2025;849077.45;492935.0;Registro de Preço para aquisições de ares-condicionados, para suprir as necessidades das escolas, creches e pré-escola municipais de Riolândia-SP, com;23/04/2025;14/05/2025;;S;Art. 28, Lei 14.133/2021;356142.44999999995;0.41944636499296967
000053/25;53.0;INEXIGIBILIDADE;25;8;Homologada  ;30/04/2025;1050.0;1050.0;Locação de imóvel residencial no Município de Riolândia-SP, para conceder aluguel social pelo período de 3 (três) meses, visando atender família acolh;23/04/2025;30/04/2025;;N;Art. 74, V, Lei 14.133/2021;0.0;0.0
000052/25;52.0;PREGÃO PRESENCIAL;25;13;Homologada  ;12/05/2025;6653634.68;6653634.68;Registro de preço para eventuais aquisições de medicamentos não contidos na Relação Municipal de Medicamentos Essenciais (REMUME), objetivando o maior;23/04/2025;12/05/2025;;S;Art. 28, Lei 14.133/2021;0.0;0.0
000051/25;51.0;DISPENSA;25;30;Encerrada   ;23/04/2025;58333.34;56000.0;Aquisição de letreiro com a palavra “Riolândia” e mastro com a bandeira do Município, conforme especificações técnicas e quantidades contidas no Anexo;09/04/2025;24/04/2025;;N;Art. 75, II, Lei 14.133/2021;2333.3399999999965;0.04000010971427312
000050/25;50.0;PREGÃO PRESENCIAL;25;12;Em Andamento;05/05/2025;892401.97;0.0;Registro de Preço para eventuais aquisições de gêneros de consumo, utensílios e equipamentos, para atendimento às necessidades de diversos setores da ;14/04/2025;;;S;Art. 28, Lei 14.133/2021;892401.97;1.0
000049/25;49.0;PREGÃO ELETRÔNICO (PORTAL DE COMPRAS);25;11;Homologada  ;30/04/2025;542542.5;441000.0;Registro de Preço para eventuais aquisições de cestas básicas de alimentos, para suprir a demanda do Fundo Municipal de Assistência e Promoção Social ;09/04/2025;30/05/2025;;S;Art. 28, Lei 14.133/2021;101542.5;0.18716045286774768
000048/25;48.0;PREGÃO PRESENCIAL;25;10;Homologada  ;25/04/2025;2981967.5;2344877.0;Registro de preço para aquisição de gêneros alimentícios perecíveis para atendimento às necessidades do serviço de merenda escolar da Rede Municipal d;09/04/2025;25/04/2025;;S;Art. 28, Lei 14.133/2021;637090.5;0.21364770072108433
000047/25;47.0;PREGÃO ELETRÔNICO (PORTAL DE COMPRAS);25;9;Anulada     ;23/04/2025;164163.42;0.0;Registro de Preço para aquisições de rações caninas, visando atender a demanda do Setor Veterinário e Canil Municipal de Riolândia/SP, com entrega par;07/04/2025;24/04/2025;;S;Art. 28, Lei 14.133/2021;164163.42;1.0
000046/25;46.0;DISPENSA;25;29;Encerrada   ;07/04/2025;58298.0;49300.0;Aquisição de diversos tipos de madeiras, para atender a demanda da Prefeitura Municipal de Riolândia, com entrega parcelada pelo período de 12 (doze) ;18/03/2025;09/04/2025;;N;Art. 75, II, Lei 14.133/2021;8998.0;0.1543449174928814
000045/25;45.0;DISPENSA;25;28;Encerrada   ;04/04/2025;77113.44;57449.25;Contratação de empresa especializada em retífica de motor, para fornecimento de Peças e mão de obra, para atender as necessidades de um ônibus do Seto;19/03/2025;07/04/2025;;N;Art. 75, II, Lei 14.133/2021;19664.190000000002;0.2550034079662378
000044/25;44.0;DISPENSA;25;27;Encerrada   ;03/04/2025;43335.0;40000.0;Contratação de empresa especializada em lavagem de carros, para atender a demanda dos veículos do Setor da Saúde do Município de Riolândia/SP, pelo pe;18/03/2025;04/04/2025;;N;Art. 75, II, Lei 14.133/2021;3335.0;0.07695857851621092
000043/25;43.0;PREGÃO ELETRÔNICO (PORTAL DE COMPRAS);25;8;Homologada  ;17/04/2025;104542.86;90000.0;Aquisição de um ônibus usado, ano de fabricação 2010 ou superior, para atender às demandas do Município de Riolândia-SP, conforme as especificações té;02/04/2025;25/04/2025;;N;;14542.86;0.13910906971552148
000042/25;42.0;DISPENSA;25;26;Encerrada   ;27/03/2025;20319.99;19100.0;Contratação de empresa especializada na montagem e instalação de sombrites, com execução imediata, para cobertura no Paço Municipal e no Centro de Ref;17/03/2025;27/03/2025;;N;Art. 75, II, Lei 14.133/2021;1219.9900000000016;0.060038907499462425
000041/25;41.0;DISPENSA;25;25;Encerrada   ;26/03/2025;61978.4;60800.0;Contratação de empresa especializada na prestação de serviços de monitoramento e mapeamento aéreo, através de drones, visando à identificação e contro;11/03/2025;27/03/2025;;N;Art. 75, II, Lei 14.133/2021;1178.4000000000015;0.019013075523085485
000040/25;40.0;DISPENSA;25;24;Encerrada   ;24/03/2025;62478.91;61990.5;Contratação de empresa especializada na execução de mão de obra de pintura de sinalização viária com aplicação de microesfera de vidro para manutenção;18/03/2025;24/03/2025;;N;Art. 75, II, Lei 14.133/2021;488.4100000000035;0.007817197835237578
000039/25;39.0;DISPENSA;25;23;Encerrada   ;24/03/2025;36882.0;32760.0;Aquisição de 1800 ovos de Páscoa, com entrega imediata, para atender as necessidades do Fundo Social de Solidariedade do Município de Riolândia-SP, co;13/03/2025;24/03/2025;;N;Art. 75, II, Lei 14.133/2021;4122.0;0.11176183504148365
000038/25;38.0;DISPENSA;25;22;Encerrada   ;24/03/2025;44199.05;39172.5;Aquisição de tintas e solventes visando à execução de sinalização viária para manutenção de ruas e avenidas do Munícipio de Riolândia/SP, com entrega ;18/03/2025;24/03/2025;;N;Art. 75, II, Lei 14.133/2021;5026.550000000003;0.11372529500068446
000037/25;37.0;DISPENSA;25;21;Encerrada   ;19/03/2025;5614.91;5464.9;Contratação de empresa especializada na confecção e montagem de prateleiras para suporte de computadores na sala de tecnologia da EMEB Ruy Malachias d;28/02/2025;19/03/2025;;N;Art. 75, II, Lei 14.133/2021;150.01000000000022;0.0267163676710758
000036/25;36.0;PREGÃO ELETRÔNICO (PORTAL DE COMPRAS);25;7;Homologada  ;04/04/2025;150479.4;131070.0;Registro de Preço de empresa especializada na prestação de serviços de coleta, transporte, tratamento e destinação final dos resíduos gerados pelo set;17/03/2025;04/04/2025;;S;Art. 28, Lei 14.133/2021;19409.399999999994;0.1289837678778623
000035/25;35.0;PREGÃO PRESENCIAL;25;6;Anulada     ;02/04/2025;155125.0;0.0;Registro de Preço de clínica veterinária ou hospital veterinário, para realização de serviço especializado de esterilização de animais machos e fêmeas;12/03/2025;27/03/2025;;S;Art. 28, Lei 14.133/2021;155125.0;1.0
000034/25;34.0;DISPENSA;25;20;Homologada  ;12/03/2025;321040.0;236000.0;adesão a Ata De Registro De Preços nº 006/2025, originária do Pregão Eletrônico nº 125/2024, Processo Administrativo n° 20930/2024, realizado pela Pre;24/02/2025;12/03/2025;S;S;Art. 86, § 2º, Lei 14.133/2021;85040.0;0.26488911039122853
000033/25;33.0;DISPENSA;25;19;Encerrada   ;14/03/2025;58773.44;50000.0;Contratação de empresa especializada na prestação de serviços de locação de uma máquina motoniveladora, visando a conservação e manutenção de estradas;05/03/2025;14/03/2025;;N;Art. 75, II, Lei 14.133/2021;8773.440000000002;0.14927559115137726
000032/25;32.0;INEXIGIBILIDADE;25;7;Homologada  ;13/03/2025;26473.57;26473.57;Contratação de empresa especializada no fornecimento de motor novo, original e compatível com o veículo Fiat Argo, pertencente à frota do Município de;13/03/2025;13/03/2025;;N;Art. 74, I, Lei 14.133/2021;0.0;0.0
000031/25;31.0;DISPENSA;25;18;Encerrada   ;13/03/2025;28363.1;20580.0;Aquisição de conjuntos de carteiras e cadeiras escolares visando atender a Educação em Tempo Integral (anos iniciais) e atender as necessidades da EME;06/03/2025;14/03/2025;;N;Art. 75, II, Lei 14.133/2021;7783.0999999999985;0.2744093558179465
000030/25;30.0;DISPENSA ELETRÔNICA (PORTAL DE COMPRAS);25;17;Encerrada   ;18/03/2025;29534.32;23918.5;Aquisição de cadeiras e mesas, com entrega imediata, para atender a demanda dos Setores Administrativo, de Finanças e do Gabinete do Município de Riol;27/02/2025;18/03/2025;;N;Art. 75, II, Lei 14.133/2021;5615.82;0.19014556624293363
000029/25;29.0;PREGÃO PRESENCIAL;25;5;Homologada  ;24/03/2025;0.0;140772.58;Contratação de empresa especializada em locação de estrutura técnica, operacional e prestação de serviços, visando a realização da Festa de Aniversári;11/03/2025;24/03/2025;;N;Art. 28, Lei 14.133/2021;-140772.58;0.0
000028/25;28.0;DISPENSA;25;16;Encerrada   ;24/02/2025;50912.4;48008.4;Contratação de empresa especializada na prestação de serviços de mão de obra de encanador e/ou bombeiro hidráulico sem dedicação exclusiva para manute;21/02/2025;10/03/2025;;N;Art. 75, II, Lei 14.133/2021;2904.0;0.05703914959813326
000026/25;26.0;DISPENSA;25;15;Encerrada   ;26/02/2025;46880.91;39529.2;Contratação de empresa especializada em retífica de motor, para fornecimento de Peças e mão de obra, para atender as necessidades de um ônibus escolar;14/02/2025;26/02/2025;;N;Art. 75, I, Lei 14.133/2021;7351.710000000006;0.15681670854938623
000025/25;25.0;DISPENSA;25;14;Encerrada   ;21/02/2025;124509.27;123540.0;Contratação de empresa especializada em montagem de motores, para fornecimento de Peças e mão de obra, para atender as necessidades de uma máquina mot;12/02/2025;21/02/2025;;N;Art. 75, I, Lei 14.133/2021;969.2700000000041;0.007784721571333637
000024/25;24.0;DISPENSA ELETRÔNICA (PORTAL DE COMPRAS);25;13;Encerrada   ;27/02/2025;47803.0;32300.0;Aquisição de camas empilháveis infantis, com entrega imediata, para atender a demanda da Pré-Escola do Município de Riolândia-SP, conforme descrições ;21/02/2025;27/02/2025;;N;Art. 75, II, Lei 14.133/2021;15503.0;0.3243101897370458
000023/25;23.0;INEXIGIBILIDADE;25;6;Homologada  ;18/02/2025;220000.0;220000.0;Contratação de profissional do setor artístico para realização de show para as festividades do tradicional “Juninão” do Município de Riolândia-SP, que;31/01/2025;18/02/2025;;N;Art. 74, II, Lei 14.133/2021;0.0;0.0
000022/25;22.0;DISPENSA ELETRÔNICA (PORTAL DE COMPRAS);25;12;Encerrada   ;24/02/2025;26000.04;21600.0;Contratação de empresa para a prestação dos serviços de assessoria, capacitação da equipe e apoio técnico na gestão dos Programas de CadÚnico e Bolsa ;11/02/2025;24/02/2025;;N;Art. 75, II, Lei 14.133/2021;4400.040000000001;0.16923204733531183
000021/25;21.0;DISPENSA ELETRÔNICA (PORTAL DE COMPRAS);25;11;Encerrada   ;24/02/2025;21980.0;13920.0;Contratação de empresa especializada no fornecimento de kits de higiene bucal, para atender a demanda da Saúde Bucal do Município de Riolândia-SP, nos;18/02/2025;07/03/2025;;N;Art. 75, II, Lei 14.133/2021;8060.0;0.3666969972702457
000020/25;20.0;INEXIGIBILIDADE;25;5;Encerrada   ;14/02/2025;120000.0;120000.0;Contratação de profissional do setor artístico para realização de show para as festividades do tradicional “Juninão” do Município de Riolândia-SP, que;29/01/2025;14/02/2025;;N;Art. 74, II, Lei 14.133/2021;0.0;0.0
000019/25;19.0;PREGÃO ELETRÔNICO (PORTAL DE COMPRAS);25;4;Homologada  ;26/02/2025;213186.67;193800.0;Aquisição de um veículo, novo, zero quilômetro, para uso exclusivo no atendimento das demandas administrativas e operacionais do Gabinete da Prefeitur;12/02/2025;26/02/2025;;N;Art. 28, Lei 14.133/2021;19386.670000000013;0.0909375337585601
000018/25;18.0;DISPENSA;25;10;Homologada  ;13/02/2025;124880.47;123976.35;Contratação de empresa especializada em substituição de telhado e serviço de pintura interna para realizar na UBS Dr. Antônio do Município de Riolândi;30/01/2025;13/02/2025;;N;Art. 75, I, Lei 14.133/2021;904.1199999999953;0.007239883065782787
000017/25;17.0;DISPENSA;25;9;Homologada  ;12/02/2025;366007.48;353371.31;adesão a Ata de Registro de Preços nº 017/2024, ref. Concorrência Presencial nº 002/2024, Processo Licitatório nº 017/2024, firmada entre a empresa NO;31/01/2025;12/02/2025;S;S;Art. 75, § 7º, Lei 14.133/2021;12636.169999999984;0.03452434906521578
000016/25;16.0;DISPENSA;25;8;Homologada  ;07/02/2025;205737.11;198417.29;adesão a Ata de Registro de Preços nº 017/2024, ref. Concorrência Presencial nº 002/2024, Processo Licitatório nº 017/2024, firmada entre a empresa NO;31/01/2025;07/02/2025;S;S;Art. 75, § 7º, Lei 14.133/2021;7319.819999999978;0.03557851084814003
000015/25;15.0;DISPENSA;25;7;Homologada  ;06/02/2025;349533.31;302000.0;Adesão à Ata de Registro de Preços n° 41/2024, firmada com a empresa CB NEWS COMERCIAL LTDA, originária do Pregão Eletrônico nº 046/2024, Processo Adm;29/01/2025;06/02/2025;S;S;Art. 75, III, Lei 14.133/2021;47533.31;0.13599078725858774
000014/25;14.0;PREGÃO ELETRÔNICO (PORTAL DE COMPRAS);25;3;Homologada  ;20/02/2025;1175065.87;1082350.0;Contratação de empresa especializada no fornecimento de materiais didáticos e recursos pedagógicos, para alunos e professores matriculados na Rede Mun;05/02/2025;20/02/2025;;N;Art. 28, Lei 14.133/2021;92715.87000000011;0.07890270015246048
000013/25;13.0;DISPENSA ELETRÔNICA (PORTAL DE COMPRAS);25;6;Homologada  ;12/02/2025;58214.0;54000.0;Aquisição de dois tratores cortadores de grama, para suprir as necessidades do setor de Manutenção dos Serviços Urbanos e de Manutenção das Atividades;06/02/2025;12/02/2025;;N;Art. 75, II, Lei 14.133/2021;4214.0;0.07238808534029614
000012/25;12.0;PREGÃO ELETRÔNICO (PORTAL DE COMPRAS);25;2;Homologada  ;14/02/2025;168000.0;141400.0;Aquisição de um veículo zero quilômetro de 7 lugares, para uso exclusivo no atendimento às demandas administrativas e operacionais dos setores da Educ;30/01/2025;14/02/2025;;N;Art. 28, Lei 14.133/2021;26600.0;0.15833333333333333
000011/25;11.0;CONCORRÊNCIA ELETRÔNICA (PORTAL DE COMPRAS);25;1;Homologada  ;17/02/2025;616818.72;493500.0;Contratação de empresa especializada em execução de obras, para realização de reforma na escola EMEB. Prof.ª Maria Ap. Dos Santos Franco do Município ;27/01/2025;13/03/2025;;N;Art. 28, Lei 14.133/2021;123318.71999999997;0.1999270061064294
000010/25;10.0;DISPENSA ELETRÔNICA (PORTAL DE COMPRAS);25;5;Homologada  ;03/02/2025;55599.99;43497.0;Contratação de serviços de termonebulização espacial (fumacê) e termonebulização em toda a rede esgoto do Município de Riolândia-SP, compreendendo as ;27/01/2025;03/02/2025;;N;Art. 75, II, Lei 14.133/2021;12102.989999999998;0.21767971541002074
000009/25;9.0;PREGÃO PRESENCIAL;25;1;Homologada  ;12/02/2025;3279215.35;2899416.84;Registro de Preço para eventuais aquisições de diversos tipos de materiais para construção, visando atender a demanda de diversos setores da Prefeitur;30/01/2025;12/02/2025;;S;Art. 28, Lei 14.133/2021;379798.51000000024;0.1158199354000951
000008/25;8.0;DISPENSA ELETRÔNICA (PORTAL DE COMPRAS);25;4;Homologada  ;29/01/2025;23026.67;20700.0;Aquisição de uma moto 0 Km, visando a promoção de incentivo fiscal e sorteio anual de IPTU da Prefeitura Municipal de Riolândia/SP, com entrega imedia;21/01/2025;29/01/2025;;N;Art. 75, II, Lei 14.133/2021;2326.6699999999983;0.10104239996491018
000007/25;7.0;DISPENSA;25;3;Homologada  ;29/01/2025;14250.0;13250.0;Aquisição de 05 roçadeiras, para suprir as necessidades do setor de Manutenção dos Serviços Urbanos da Prefeitura Municipal de Riolândia/SP, com entre;20/01/2025;29/01/2025;;N;Art. 75, II, Lei 14.133/2021;1000.0;0.07017543859649122
000006/25;6.0;DISPENSA ELETRÔNICA (PORTAL DE COMPRAS);25;2;Homologada  ;28/01/2025;62460.0;47370.0;Aquisição de 3.000 sacos de 25kg de massa asfáltica para aplicação a frio, para suprir as necessidades do setor de Manutenção dos Serviços Urbanos da ;21/01/2025;28/01/2025;;N;Art. 75, II, Lei 14.133/2021;15090.0;0.24159462055715658
000005/25;5.0;DISPENSA;25;1;Homologada  ;21/01/2025;58773.44;58000.0;Contratação de empresa especializada na prestação de serviços de locação de máquinas pesadas (motoniveladora/patrola), visando a conservação e manuten;07/01/2025;21/01/2025;;N;Art. 75, I, Lei 14.133/2021;773.4400000000023;0.013159685735597615
000004/25;4.0;INEXIGIBILIDADE;25;4;Homologada  ;07/01/2025;120000.0;120000.0;Contratação de profissional do setor artístico para realização de show para as festividades do Aniversário do Município de Riolândia-SP, que ocorrerá ;02/01/2025;07/01/2025;;N;Art. 74, II, Lei 14.133/2021;0.0;0.0
000003/25;3.0;INEXIGIBILIDADE;25;3;Homologada  ;07/01/2025;130000.0;130000.0;Contratação de profissional do setor artístico para realização de show para as festividades do Aniversário do Município de Riolândia/SP;02/01/2025;07/01/2025;;N;Art. 74, II, Lei 14.133/2021;0.0;0.0
000002/25;2.0;INEXIGIBILIDADE;25;2;Homologada  ;09/01/2025;90000.0;90000.0;Aniversário de Riolândia - Show do Inimigos da HP;02/01/2025;09/01/2025;;N;Art. 74, II, Lei 14.133/2021;0.0;0.0
000001/25;1.0;INEXIGIBILIDADE;25;1;Homologada  ;09/01/2025;290000.0;290000.0;Show Aniversário de Riolândia - Diego e Victor Hugo;02/01/2025;09/01/2025;;N;Art. 74, II, Lei 14.133/2021;0.0;0.0
